,OEM anon,Model anon,Input type,Fuel type,Sales,Vehicle body,Gear box type,Engine max power,Engine n cylinders,Engine capacity [cm3],Engine is turbo,Curb_vehicle_mass [kg],Vehicle width [m],Vehicle height [m],Tyre code,N gears,Drive battery capacity [Ah],Drive battery nominal voltage [V],Electric motor power [kW],Electric motor torque [Nm],Initial drive battery state of charge [%],Engine speed at max power [%],is_plugin,is_hybrid,is_electric,pycsis_run,Vehicle mass (WLTP) [kg],wltp|f0 [N],wltp|f1 [N/(km/h)],wltp|f2 [N/(km/h)2],Vehicle mass (real-world) [kg],rw|f0 [N],rw|f1 [N/(km/h)],rw|f2 [N/(km/h)2],Declared average CO2 emissions value (OEM) [g/km],Electric range (OEM) [km],Declared electric consumption value (OEM) [Wh/km],Declared CO2 emissions value (Simulated) [g/km],Declared electric consumption value (Simulated) [Wh/km],Annual average distance [km],Real-world CO2 emissions value (Simulated) [g/km],Real-world electric consumption value (Simulated) [Wh/km],Real-world annual gap
0,OEM_9,Model_3,Pure ICE,gasoline,155332,hatchback,manual,82.027,3,1199,1,1060,1.749,1.474,205/50r17,5,,,,,,5500,FALSE,FALSE,FALSE,TRUE,1288.159,99.47535353,0.621676625,0.030146992,1326.425488,102.4304021,0.615513463,0.030810807,124.8438955,,,130.5227987,,9138,158.5079426,,1.21440809
1,OEM_1,Model_4,Pure ICE,gasoline,133110,suv/crossover,automatic,111.855,4,1498,1,1250,1.819,1.573,215/60r16,6,,,,,,5000,FALSE,FALSE,FALSE,TRUE,1505.85625,104.8843937,0.53914744,0.039035963,1545.103851,107.6180283,0.531167044,0.039895508,145.3637136,,,154.3329053,,8723,185.8647274,,1.204310429
2,OEM_4,Model_6,Pure ICE,gasoline,121466,hatchback,manual,74.57,3,999,1,1065,1.798,1.44,195/55r16,5,,,,,,5000,FALSE,FALSE,FALSE,TRUE,1293.817113,93.47912736,0.620472141,0.030276723,1332.10942,96.24577143,0.614282458,0.030943395,117.9882757,,,125.7585007,,9138,151.7518566,,1.206692635
3,OEM_1,Model_5,Pure ICE,gasoline,117416,hatchback,manual,85.7555,3,999,1,1155,1.76,1.584,205/55r17,5,,,,,,5000,FALSE,FALSE,FALSE,TRUE,1396.317213,100.8848262,0.598896967,0.03260052,1435.074257,103.6850479,0.592232214,0.033318361,138.6244793,,,132.8831708,,9138,157.9752798,,1.188828343
4,OEM_2,Model_6,Pure ICE,gasoline,116428,hatchback,manual,55.9275,3,1199,0,955,1.745,1.43,195/55r16,5,,,,,,5750,FALSE,FALSE,FALSE,TRUE,1170.222213,84.5493155,0.630652818,0.029180193,1207.946507,87.2749203,0.624687306,0.02982272,116.3627097,,,123.6138865,,9138,150.8039802,,1.219959864
5,OEM_1,Model_6,Pure ICE,gasoline,113604,hatchback,automatic,111.855,4,1498,1,1235,1.751,1.446,195/55r16,6,,,,,,5500,FALSE,FALSE,FALSE,TRUE,1488.468813,107.5428392,0.626679563,0.02960814,1527.638957,110.3729076,0.620626563,0.030260091,124.2570059,,,144.1387264,,9138,168.6778844,,1.170246807
6,OEM_11,Model_5,Pure ICE,gasoline,108125,hatchback,manual,67.113,4,1398,0,1063,1.736,1.481,195/55r16,5,,,,,,6000,FALSE,FALSE,FALSE,TRUE,1291.553409,93.31557327,0.622437705,0.030065018,1329.835388,96.08147118,0.616291303,0.030727029,118.172819,,,135.0905499,,9138,161.9553582,,1.198865193
7,OEM_16,Model_1,Pure ICE,gasoline,106835,hatchback,manual,67.113,3,898,1,990,1.733,1.518,205/55r16,5,,,,,,5000,FALSE,FALSE,FALSE,TRUE,1209.34705,87.37611044,0.615958422,0.030762882,1247.252076,90.11477319,0.60966935,0.031440259,126.5528148,,,120.2485094,,9138,146.4276103,,1.21770832
8,OEM_2,Model_7,Pure ICE,gasoline,95611,suv/crossover,manual,82.027,3,1199,1,1136,1.739,1.556,205/50r17,5,,,,,,5500,FALSE,FALSE,FALSE,TRUE,1374.575104,95.74053057,0.558831692,0.036915831,1413.234037,98.43316393,0.55128473,0.037728692,126.1356392,,,138.6555061,,8723,161.4630581,,1.164490777
9,OEM_5,Model_6,Pure ICE,gasoline,76654,hatchback,manual,70.8415,3,999,1,1021,1.732,1.467,205/45r16,5,,,,,,5000,FALSE,FALSE,FALSE,TRUE,1244.156997,111.6773982,0.625713501,0.029712192,1282.222099,115.0941789,0.619639229,0.030366433,123.7059842,,161,127.2498608,,9138,151.6103553,,1.191438281
10,OEM_1,Model_3,Pure ICE,diesel,72679,suv/crossover,automatic,111.855,4,1968,1,1615,1.839,1.675,235/55r18,7,,,,,,3500,FALSE,FALSE,FALSE,TRUE,1939.561113,135.092371,0.511402807,0.042024254,1980.693482,137.9572817,0.502811494,0.042949599,162.1073388,,157,156.8547323,,8723,178.8130397,,1.13999136
11,OEM_12,Model_6,Pure ICE,gasoline,70722,hatchback,manual,89.484,3,998,1,1197,1.8,1.442,225/45r17,6,,,,,,6000,FALSE,FALSE,FALSE,TRUE,1444.574709,129.6671927,0.619768603,0.030352499,1483.548631,133.1655504,0.613563428,0.03102084,137.2180585,,,136.3594483,,9138,161.3938464,,1.183591224
12,OEM_3,Model_6,Pure ICE,gasoline,67947,hatchback,manual,53.6904,3,998,0,830,1.615,1.46,165/60r15,5,,,,,,6000,FALSE,FALSE,FALSE,TRUE,1032.02065,74.05795665,0.645575863,0.027572876,1069.099476,76.71873875,0.639938947,0.028180012,114.048648,,,112.958328,,9138,141.4751954,,1.252454759
13,OEM_5,Model_5,Pure ICE,gasoline,67574,suv/crossover,manual,111.855,4,1498,1,1165,1.793,1.553,205/60r16,6,,,,,,5000,FALSE,FALSE,FALSE,TRUE,1407.782613,98.05346674,0.548870057,0.037988769,1446.591295,100.7565303,0.541103746,0.038825255,128.8294761,,,149.4827708,,8723,180.810812,,1.209576267
14,OEM_15,Model_4,Pure ICE,gasoline,65309,suv/crossover,manual,70.8415,3,999,1,1080,1.78,1.552,205/60r16,5,,,,,,5000,FALSE,FALSE,FALSE,TRUE,1310.8144,91.29953377,0.551652779,0.03768905,1349.184163,93.97202616,0.543947742,0.038518937,125.3560353,,,132.5843463,,8723,160.8438842,,1.213143849
15,OEM_1,Model_9,Pure ICE,gasoline,63944,hatchback,automatic,216.253,4,1984,1,1310,1.799,1.442,225/40r18,6,,,,,,5000,FALSE,FALSE,FALSE,TRUE,1575.75025,121.6839794,0.619925162,0.030335636,1615.307676,124.7387179,0.613723434,0.031003606,131.723015,,,170.7184147,,9138,200.8717695,,1.176626258
16,OEM_16,Model_3,Pure ICE,diesel,61899,suv/crossover,manual,111.855,4,1330,1,1287,1.804,1.693,215/60r17,5,,,,,,5250,FALSE,FALSE,FALSE,TRUE,1548.892449,107.8819079,0.514715499,0.041667454,1588.331108,110.62885,0.506197129,0.042584942,138.5461383,,,131.8476435,,8723,161.6039496,,1.225687053
17,OEM_5,Model_2,Pure ICE,diesel,60995,hatchback,automatic,85.7555,4,1598,1,1220,1.814,1.461,225/45r17,7,,,,,,3250,FALSE,FALSE,FALSE,TRUE,1471.1158,132.0495609,0.613834778,0.030991613,1510.208488,135.5585792,0.607498945,0.031674027,124.2348795,,122.9333333,134.014086,,9138,157.4920518,,1.175190284
18,OEM_2,Model_7,Pure ICE,diesel,60951,suv/crossover,automatic,96.941,4,1499,1,1210,1.77,1.53,215/60r17,6,,,,,,3500,FALSE,FALSE,FALSE,TRUE,1459.56625,101.6602489,0.558551001,0.036946064,1498.607301,104.3794971,0.550997857,0.03775959,126.1356392,,,131.656429,,8723,154.9731341,,1.17710267
19,OEM_2,Model_5,Pure ICE,diesel,58308,suv/crossover,manual,96.941,4,1499,1,1404,1.841,1.624,215/65r17,6,,,,,,3750,FALSE,FALSE,FALSE,TRUE,1686.358264,117.4565394,0.52287126,0.040789022,1726.401082,120.2455618,0.514532473,0.041687167,138.4403507,,,137.883144,,8723,154.4791968,,1.120363173
20,OEM_9,Model_3,Pure ICE,diesel,57498,hatchback,manual,76.0614,4,1499,1,1065,1.749,1.474,205/50r17,5,,,,,,3500,FALSE,FALSE,FALSE,TRUE,1293.817113,99.9122893,0.621676625,0.030146992,1332.10942,102.8693317,0.615513463,0.030810807,124.8438955,,,116.6923148,,9138,137.4123236,,1.17756104
21,OEM_1,Model_9,Pure ICE,diesel,54437,hatchback,automatic,111.855,4,1968,1,1359,1.789,1.456,225/45r17,6,,,,,,3500,FALSE,FALSE,FALSE,TRUE,1633.238937,146.6019768,0.618771489,0.030459895,1673.049386,150.1754225,0.612544359,0.031130601,131.723015,,,144.7674194,,9138,167.4005911,,1.156341612
22,OEM_11,Model_4,Pure ICE,gasoline,53606,suv/crossover,manual,96.941,3,1199,1,1163,1.825,1.605,215/50r17,5,,,,,,5500,FALSE,FALSE,FALSE,TRUE,1405.488309,97.89366618,0.530554683,0.039961463,1444.286663,100.5960104,0.52238508,0.040841387,131.9529851,,,144.1616988,,8723,173.0391914,,1.20031321
23,OEM_15,Model_2,Pure ICE,gasoline,52664,hatchback,manual,59.656,3,999,1,999,1.78,1.444,185/65r15,5,,,,,,6200,FALSE,FALSE,FALSE,TRUE,1219.438017,94.16852097,0.622513271,0.030056879,1257.389516,97.09924523,0.616368532,0.03071871,121.5909583,,,121.9772956,,9138,148.050209,,1.213752184
24,OEM_12,Model_4,Pure ICE,gasoline,50952,hatchback,manual,49.9619,3,998,0,835,1.595,1.485,165/60r14,5,,,,,,5500,FALSE,FALSE,FALSE,TRUE,1037.502813,74.45135745,0.644416871,0.027697708,1074.607457,77.11399231,0.638754434,0.028307592,115.6459204,,,114.0479979,,9138,135.7963924,,1.190695101
25,OEM_1,Model_3,Pure ICE,gasoline,48685,suv/crossover,automatic,171.511,4,1984,1,1610,1.839,1.643,235/50r19,6,,,,,,4400,FALSE,FALSE,FALSE,TRUE,1933.48225,134.6689722,0.518856839,0.041221403,1974.588801,137.5320846,0.510429658,0.042129069,162.1073388,,157,186.4462115,,8723,222.0739039,,1.191088315
26,OEM_1,Model_7,Pure ICE,diesel,47937,sedan,automatic,89.484,4,1598,1,1500,1.832,1.483,215/60r16,6,,,,,,3250,FALSE,FALSE,FALSE,TRUE,1800.715,144.4840102,0.636100853,0.028593401,1841.253538,147.7367018,0.630255303,0.029223008,139.4707402,,,139.4055604,,16488,160.3319913,,1.150111881
27,OEM_10,Model_5,Pure ICE,gasoline,47898,hatchback,manual,62.6388,4,1197,0,988,1.775,1.45,195/55r16,5,,,,,,6000,FALSE,FALSE,FALSE,TRUE,1207.106296,87.21421451,0.622140873,0.030096989,1245.000994,89.95213109,0.615987934,0.030759703,120.4205725,,,126.0645872,,9138,153.2542757,,1.215680621
28,OEM_10,Model_1,Pure ICE,gasoline,47021,suv/crossover,automatic,131.989,4,1591,1,1537,1.85,1.65,225/60r17,7,,,,,,5500,FALSE,FALSE,FALSE,TRUE,1845.166449,128.5176883,0.514927285,0.041644644,1885.896046,131.3545455,0.506413577,0.042561629,149.7535027,,,172.0520903,,8723,196.9555201,,1.144743547
29,OEM_4,Model_7,Pure ICE,gasoline,45193,suv/crossover,manual,96.941,4,1330,1,1226,1.778,1.566,205/55r17,5,,,,,,5000,FALSE,FALSE,FALSE,TRUE,1478.052874,102.9478607,0.548892984,0.0379863,1517.176545,105.6728635,0.541127178,0.038822731,133.2171614,,,147.6117137,,8723,174.5934015,,1.182788256
30,OEM_7,Model_10,Pure ICE,gasoline,44561,hatchback,automatic,81.2813,3,1499,1,1315,1.799,1.434,205/55r16,6,,,,,,4300,FALSE,FALSE,FALSE,TRUE,1581.599613,114.2716,0.621487712,0.030167339,1621.182857,117.1315152,0.615320391,0.030831603,133.3015991,,,147.2267099,,9138,173.3199362,,1.177231606
31,OEM_5,Model_4,Pure ICE,gasoline,43690,suv/crossover,automatic,141.683,4,1984,1,1465,1.841,1.603,215/50r18,6,,,,,,4200,FALSE,FALSE,FALSE,TRUE,1758.859113,122.506296,0.527768288,0.040261578,1799.21692,125.3172577,0.519537331,0.041148109,144.7291981,,,178.9943853,,8723,210.257237,,1.174658281
32,OEM_10,Model_4,Pure ICE,gasoline,43029,hatchback,manual,104.398,4,1353,1,1210,1.795,1.45,225/40r18,6,,,,,,6000,FALSE,FALSE,FALSE,TRUE,1459.56625,112.7119158,0.618992322,0.03043611,1498.607301,115.7267783,0.612770054,0.031106292,132.7349289,,,141.930954,,9138,166.7488615,,1.17485902
33,OEM_10,Model_6,Pure ICE,gasoline,42838,hatchback,manual,49.9619,3,998,0,908,1.66,1.5,165/60r14,5,,,,,,5500,FALSE,FALSE,FALSE,TRUE,1117.977976,80.22626725,0.631233671,0.029117631,1155.459574,82.91595237,0.625280949,0.029758781,117.8833719,,,118.2107016,,9138,142.2401535,,1.203276451
34,OEM_11,Model_1,Pure ICE,gasoline,42620,suv/crossover,manual,96.941,3,1199,1,1175,1.79,1.523,215/65r17,5,,,,,,5500,FALSE,FALSE,FALSE,TRUE,1419.263313,98.85310898,0.556262149,0.037192589,1458.123632,101.5597691,0.548658607,0.038011544,129.3121471,,,141.632601,,8723,171.3997338,,1.210171476
35,OEM_18,Model_4,Pure ICE,gasoline,41949,suv/crossover,manual,87.2469,3,999,1,1157,1.8,1.595,225/45r19,5,,,,,,5250,FALSE,FALSE,FALSE,TRUE,1398.609069,97.41452023,0.537917135,0.039168476,1437.376441,100.1147065,0.529909648,0.040030938,137.7744689,,,138.7185927,,8723,165.0428061,,1.189767017
36,OEM_2,Model_6,Pure ICE,diesel,41630,hatchback,manual,74.57,4,1499,0,1065,1.745,1.43,195/55r16,6,,,,,,3500,FALSE,FALSE,FALSE,TRUE,1293.817113,93.47912736,0.630652818,0.029180193,1332.10942,96.24577143,0.624687306,0.02982272,116.3627097,,,114.6655517,,9138,136.34047,,1.189027289
37,OEM_18,Model_1,Pure ICE,gasoline,39538,suv/crossover,manual,119.312,4,1332,1,1275,1.806,1.59,225/45r19,5,,,,,,5500,FALSE,FALSE,FALSE,TRUE,1534.911813,106.9081427,0.537848735,0.039175843,1574.288507,109.6507688,0.529839743,0.040038467,146.0756082,,,152.2871914,,8723,185.3217507,,1.216922769
38,OEM_3,Model_1,Pure ICE,gasoline,39123,hatchback,manual,53.6904,3,998,0,955,1.695,1.51,165/70r14,5,,,,,,6000,FALSE,FALSE,FALSE,TRUE,1170.222213,90.36793463,0.623693434,0.029929767,1207.946507,93.28111346,0.617574682,0.0305888,133.5644782,,,120.9329824,,9138,147.2585526,,1.217687265
39,OEM_4,Model_4,Pure ICE,diesel,37234,hatchback,automatic,86.5012,4,1461,1,1342,1.814,1.447,205/55r16,6,,,,,,3750,FALSE,FALSE,FALSE,TRUE,1613.252266,116.5585248,0.616592041,0.030694637,1652.974932,119.4285133,0.61031692,0.031370511,126.8512232,,,131.8532216,,9138,155.0867367,,1.176207414
40,OEM_1,Model_1,Pure ICE,gasoline,36416,hatchback,manual,50.7076,3,999,0,970,1.641,1.504,165/70r14,5,,,,,,6200,FALSE,FALSE,FALSE,TRUE,1186.96705,91.66101928,0.633615278,0.028861115,1224.768801,94.58017951,0.627714998,0.029496616,132.8709461,,145.2307692,120.4245971,,9138,148.5914256,,1.233895974
41,OEM_13,Model_5,Pure ICE,gasoline,36387,hatchback,automatic,74.57,3,999,1,1106,1.734,1.483,195/55r16,5,,,,,,6500,FALSE,FALSE,FALSE,TRUE,1340.357914,96.84173052,0.622382769,0.030070935,1378.861935,99.62367105,0.616235156,0.030733076,121.5871465,,,122.3230604,,9138,146.4737299,,1.197433497
42,OEM_6,Model_10,Pure ICE,gasoline,35478,hatchback,manual,81.2813,4,1332,1,1250,1.796,1.44,225/45r18,5,,,,,,5000,FALSE,FALSE,FALSE,TRUE,1505.85625,135.1679158,0.620784825,0.030243045,1545.103851,138.6908393,0.614602027,0.030908975,154.4383622,,,144.1321619,,9138,169.4079391,,1.175365282
43,OEM_15,Model_3,Pure ICE,gasoline,35135,suv/crossover,automatic,111.855,4,1498,1,1402,1.807,1.611,225/50r18,7,,,,,,5000,FALSE,FALSE,FALSE,TRUE,1683.990826,117.291645,0.532840748,0.039715238,1724.023317,120.079948,0.524721483,0.04058974,153.8220777,,,161.5420749,,8723,187.9107655,,1.1632311
44,OEM_11,Model_6,Pure ICE,gasoline,34650,hatchback,manual,111.855,4,1398,1,1168,1.809,1.485,205/55r16,6,,,,,,5600,FALSE,FALSE,FALSE,TRUE,1411.225216,101.9619392,0.609914181,0.031413889,1450.049389,104.7670109,0.603492019,0.032105601,122.2890967,,,141.8683047,,9138,171.7267075,,1.210465635
45,OEM_17,Model_3,Pure ICE,gasoline,34295,suv/crossover,automatic,184.188,4,1969,1,1584,1.873,1.658,235/55r18,6,,,,,,5500,FALSE,FALSE,FALSE,TRUE,1901.933824,132.4715928,0.508222355,0.042366811,1942.906117,135.325354,0.49956101,0.043299699,163.5583475,,,185.7999447,,8723,217.7668067,,1.172049901
46,OEM_7,Model_5,Pure ICE,diesel,34249,suv/crossover,manual,111.855,4,1995,1,1555,1.821,1.598,225/55r17,6,,,,,,4000,FALSE,FALSE,FALSE,TRUE,1866.867213,130.0291682,0.532982487,0.039699972,1907.689757,132.8724993,0.524866343,0.040574137,144.6508387,,,150.9888493,,8723,173.8684851,,1.151531956
47,OEM_4,Model_2,Pure ICE,gasoline,34240,hatchback,manual,48.4705,3,999,0,884,1.646,1.541,165/65r15,5,,,,,,5350,FALSE,FALSE,FALSE,TRUE,1091.430424,84.28340545,0.626186652,0.02966123,1128.788092,87.16827235,0.620122799,0.03031435,117.5808119,,,117.2421971,,9138,140.2583927,,1.19631324
48,OEM_5,Model_1,Pure ICE,gasoline,33419,hatchback,manual,85.7555,3,999,1,1140,1.793,1.471,205/50r17,5,,,,,,5000,FALSE,FALSE,FALSE,TRUE,1379.1478,106.5017711,0.615219164,0.030842505,1417.827388,109.4887205,0.608913814,0.031521636,124.6828157,,,131.7599983,,9138,154.1737626,,1.170110539
49,OEM_14,Model_2,Pure ICE,diesel,33335,suv/crossover,automatic,111.855,4,1968,1,1555,1.849,1.585,235/55r18,7,,,,,,3500,FALSE,FALSE,FALSE,TRUE,1866.867213,130.0291682,0.530359618,0.039982473,1907.689757,132.8724993,0.52218572,0.040862859,161.2566701,,,152.6563955,,8723,177.1712886,,1.160588706
50,OEM_23,Model_1,Pure ICE,gasoline,33208,hatchback,manual,52.9447,3,999,0,845,1.665,1.505,165/65r14,5,,,,,,6000,FALSE,FALSE,FALSE,TRUE,1048.478613,80.96654268,0.629515539,0.029302686,1085.634895,83.83585795,0.623524985,0.02994791,116.463181,,,116.5968871,,9138,143.1077063,,1.227371587
51,OEM_5,Model_3,Pure ICE,diesel,31973,suv/crossover,automatic,111.855,4,1968,1,1592,1.882,1.655,235/50r19,7,,,,,,3500,FALSE,FALSE,FALSE,TRUE,1911.630016,133.1469422,0.507047402,0.042493362,1952.643619,136.0035807,0.498360186,0.043429036,164.3594705,,,156.3359686,,8723,182.1725451,,1.165263162
52,OEM_7,Model_10,Pure ICE,diesel,31918,hatchback,automatic,141.683,4,1995,1,1425,1.799,1.434,225/45r17,8,,,,,,2500,FALSE,FALSE,FALSE,TRUE,1711.253313,153.6046642,0.621487712,0.030167339,1751.40457,157.2087013,0.615320391,0.030831603,133.3015991,,,143.3654325,,9138,159.3458229,,1.111466133
53,OEM_16,Model_3,Pure ICE,gasoline,31761,suv/crossover,manual,111.855,4,1330,1,1287,1.804,1.693,215/60r17,5,,,,,,5250,FALSE,FALSE,FALSE,TRUE,1548.892449,107.8819079,0.514715499,0.041667454,1588.331108,110.62885,0.506197129,0.042584942,138.5461383,,,154.9833869,,8723,185.5433789,,1.197182373
54,OEM_5,Model_2,Pure ICE,gasoline,31620,hatchback,manual,111.855,4,1495,1,1170,1.814,1.461,225/45r17,6,,,,,,5000,FALSE,FALSE,FALSE,TRUE,1413.52105,126.8797697,0.613834778,0.030991613,1452.355551,130.3656128,0.607498945,0.031674027,124.2348795,,122.9333333,147.6316006,,9138,177.2704644,,1.200762328
55,OEM_2,Model_8,Pure ICE,gasoline,31601,hatchback,manual,53.6904,3,998,0,840,1.615,1.46,165/60r15,5,,,,,,6000,FALSE,FALSE,FALSE,TRUE,1042.9888,74.84503274,0.645575863,0.027572876,1080.119263,77.50952035,0.639938947,0.028180012,110.4895731,,,113.3282194,,9138,137.4221691,,1.212603267
56,OEM_2,Model_5,Pure ICE,gasoline,31562,suv/crossover,manual,96.941,3,1199,1,1295,1.841,1.624,215/65r17,5,,,,,,5500,FALSE,FALSE,FALSE,TRUE,1558.225113,108.5319373,0.52287126,0.040789022,1597.705082,111.2817567,0.514532473,0.041687167,138.4403507,,,150.6649106,,8723,177.3381597,,1.177036902
57,OEM_9,Model_4,Pure ICE,gasoline,31224,hatchback,manual,53.6904,3,998,0,815,1.63,1.465,165/60r15,5,,,,,,6000,FALSE,FALSE,FALSE,TRUE,1015.597113,72.87940113,0.642313313,0.027924276,1052.598482,75.53462496,0.636604557,0.028539149,109.6520193,,,112.7487558,,9138,136.017443,,1.206376443
58,OEM_9,Model_2,Pure ICE,gasoline,29940,hatchback,automatic,96.941,3,1199,1,1253,1.8,1.525,195/60r18,5,,,,,,5500,FALSE,FALSE,FALSE,TRUE,1509.337869,108.3103118,0.603548137,0.032099557,1548.600961,111.1278372,0.596985799,0.032806367,127.2786737,,,141.2860288,,9138,164.9320929,,1.167363074
59,OEM_6,Model_10,Pure ICE,diesel,29919,hatchback,manual,70.8415,4,1461,1,1345,1.796,1.44,205/60r16,6,,,,,,4000,FALSE,FALSE,FALSE,TRUE,1616.776113,116.0200963,0.620784825,0.030243045,1656.51427,118.8717125,0.614602027,0.030908975,154.4383622,,,124.0894438,,9138,147.4482716,,1.18824186
60,OEM_12,Model_2,Pure ICE,gasoline,29845,suv/crossover,automatic,131.989,4,1591,1,1477,1.855,1.645,225/60r17,7,,,,,,5500,FALSE,FALSE,FALSE,TRUE,1773.188589,123.5043584,0.515057117,0.04163066,1813.608361,126.3196359,0.506546269,0.042547338,167.1166174,,,169.4107108,,8723,197.2005444,,1.164038232
61,OEM_1,Model_4,Pure ICE,diesel,29591,suv/crossover,automatic,111.855,4,1968,1,1340,1.819,1.573,215/60r16,6,,,,,,4000,FALSE,FALSE,FALSE,TRUE,1610.9038,112.2010606,0.53914744,0.039035963,1650.616138,114.9670646,0.531167044,0.039895508,145.3637136,,,145.7101756,,8723,166.1498042,,1.140275918
62,OEM_15,Model_1,Pure ICE,gasoline,29200,hatchback,automatic,216.253,4,1984,1,1331,1.816,1.435,235/35r19,6,,,,,,5400,FALSE,FALSE,FALSE,TRUE,1600.343277,123.5831238,0.61864381,0.030473647,1640.009141,126.6462363,0.612413868,0.031144655,126.7844177,,131,170.4580606,,9138,204.0341784,,1.196975829
63,OEM_2,Model_3,Pure ICE,diesel,29137,suv/crossover,automatic,96.941,4,1499,1,1511,1.844,1.646,205/55r19,6,,,,,,3750,FALSE,FALSE,FALSE,TRUE,1813.908417,126.3405351,0.517115564,0.041408951,1854.503756,129.1680411,0.508650041,0.042320747,144.9468998,,,145.9083404,,8723,168.3195388,,1.153597788
64,OEM_14,Model_3,Pure ICE,gasoline,29038,suv/crossover,automatic,111.855,4,1498,1,1265,1.794,1.508,215/55r17,7,,,,,,5000,FALSE,FALSE,FALSE,TRUE,1523.278113,106.0978438,0.558899079,0.036908573,1562.60317,108.8368734,0.5513536,0.037721274,139.1585831,,,152.5045618,,8723,180.4826341,,1.183457281
65,OEM_14,Model_8,Pure ICE,gasoline,28789,hatchback,automatic,149.14,4,1984,1,1235,1.74,1.433,215/45r17,6,,,,,,4400,FALSE,FALSE,FALSE,TRUE,1488.468813,133.6071933,0.630862359,0.029157624,1527.638957,137.1231642,0.624901461,0.029799654,131.9344519,,,166.5539725,,9138,197.6940707,,1.186967009
66,OEM_2,Model_4,Pure ICE,diesel,28591,hatchback,automatic,96.941,4,1499,1,1179,1.804,1.457,225/45r17,6,,,,,,3750,FALSE,FALSE,FALSE,TRUE,1423.859877,127.8077983,0.616204443,0.030736384,1462.740851,131.2978129,0.609920788,0.031413178,125.3504024,,,130.8312308,,9138,155.0704982,,1.185271263
67,OEM_12,Model_1,Pure ICE,gasoline,28500,suv/crossover,automatic,89.484,3,998,1,1160,1.76,1.485,205/45r17,7,,,,,,6000,FALSE,FALSE,FALSE,TRUE,1402.048,97.65404525,0.570520923,0.035656819,1440.830863,100.3553105,0.563231349,0.036441957,129.1165245,,,136.1806833,,8723,163.9928817,,1.204230127
68,OEM_12,Model_3,Pure ICE,gasoline,28101,hatchback,manual,89.484,3,998,1,1105,1.725,1.45,205/45r17,6,,,,,,6000,FALSE,FALSE,FALSE,TRUE,1339.219713,120.2103702,0.63001225,0.029249186,1377.71857,123.6660854,0.624032634,0.029893233,126.2210242,,,131.3433549,,9138,153.1730142,,1.166202998
69,OEM_8,Model_3,Pure ICE,gasoline,27949,suv/crossover,manual,89.484,3,999,1,1295,1.796,1.595,215/55r17,5,,,,,,5750,FALSE,FALSE,FALSE,TRUE,1558.225113,108.5319373,0.538725263,0.039081434,1597.705082,111.2817567,0.530735571,0.03994198,138.3043112,,,144.6144283,,8723,170.2467601,,1.177246019
70,OEM_18,Model_2,Pure ICE,gasoline,27054,hatchback,manual,74.57,3,999,1,1035,1.743,1.455,195/55r16,5,,,,,,5000,FALSE,FALSE,FALSE,TRUE,1259.925813,91.0304589,0.626232361,0.029656307,1298.063207,93.78591045,0.620169514,0.030309318,127.8771625,,,123.9412134,,9138,148.9595303,,1.201856317
71,OEM_8,Model_4,Pure ICE,gasoline,26752,hatchback,manual,63.3845,2,875,1,955,1.627,1.488,195/45r16,5,,,,,,5500,FALSE,FALSE,FALSE,TRUE,1170.222213,105.0409011,0.638727657,0.028310476,1207.946507,108.4270904,0.632939947,0.028933853,154.3960716,,,120.8675294,,9138,145.0140377,,1.199776635
72,OEM_21,Model_1,Pure ICE,gasoline,26209,suv/crossover,manual,89.484,3,999,1,1320,1.805,1.667,215/65r16,5,,,,,,5750,FALSE,FALSE,FALSE,TRUE,1587.4528,110.567675,0.520445482,0.041050295,1627.061863,113.3264858,0.512053282,0.041954194,143.5252694,,,148.1753291,,8723,176.526759,,1.191337047
73,OEM_9,Model_2,Pure ICE,diesel,25201,hatchback,automatic,96.941,4,1499,1,1289,1.8,1.525,195/60r18,6,,,,,,3700,FALSE,FALSE,FALSE,TRUE,1551.224697,111.3161169,0.603548137,0.032099557,1590.673684,114.1469821,0.596985799,0.032806367,127.2786737,,,130.0039569,,9138,152.5173214,,1.173174456
74,OEM_13,Model_4,Pure ICE,diesel,25074,hatchback,manual,89.484,4,1499,1,1263,1.825,1.452,195/65r16,6,,,,,,3600,FALSE,FALSE,FALSE,TRUE,1520.953209,117.4523938,0.613873212,0.030987474,1560.267938,120.4883906,0.607538226,0.031669796,127.9886421,,,124.1410675,,9138,142.9052126,,1.151151794
75,OEM_13,Model_6,Pure ICE,gasoline,24953,suv/crossover,automatic,93.2125,3,999,1,1291,1.765,1.653,205/50r17,5,,,,,,6000,FALSE,FALSE,FALSE,TRUE,1553.557557,108.2068374,0.532021473,0.03980348,1593.016871,110.9552181,0.523884168,0.040679924,136.4042255,,,146.6146597,,8723,173.9483512,,1.186432186
76,OEM_10,Model_1,Pure ICE,diesel,24813,suv/crossover,manual,101.415,4,1598,1,1482,1.85,1.65,245/45r19,6,,,,,,4000,FALSE,FALSE,FALSE,TRUE,1779.165706,123.9206706,0.514927285,0.041644644,1819.611297,126.7377464,0.506413577,0.042561629,149.7535027,,,142.2733646,,8723,162.6568513,,1.143269872
77,OEM_13,Model_4,Pure ICE,gasoline,24681,hatchback,manual,93.2125,3,998,1,1222,1.825,1.452,195/65r16,5,,,,,,6000,FALSE,FALSE,FALSE,TRUE,1473.427546,113.782325,0.613873212,0.030987474,1512.530562,116.8019727,0.607538226,0.031669796,127.9886421,,,134.8151996,,9138,161.0038139,,1.194255651
78,OEM_1,Model_10,Pure ICE,diesel,24162,bestelwagen,manual,76.0614,3,999,1,1344,1.793,1.831,195/65r15,5,,,,,,5000,FALSE,FALSE,FALSE,TRUE,1615.601344,112.5282492,0.426326988,0.051187516,1655.334337,115.2956919,0.415862365,0.05231463,136.9856396,,,139.523592,,15987,168.9894506,,1.211189077
79,OEM_8,Model_2,Pure ICE,gasoline,23791,hatchback,manual,51.4533,4,1242,0,915,1.643,1.551,175/65r14,5,,,,,,5500,FALSE,FALSE,FALSE,TRUE,1125.737613,86.9327055,0.624904758,0.029799299,1163.255357,89.82993395,0.618812678,0.030455459,145.6566214,,,126.4481493,,9138,155.1459914,,1.226953437
80,OEM_21,Model_1,Pure ICE,diesel,23248,suv/crossover,automatic,126.769,4,1956,1,1506,1.805,1.697,215/60r17,6,,,,,,3750,FALSE,FALSE,FALSE,TRUE,1807.909114,125.9226777,0.513586527,0.041789053,1848.478635,128.7483854,0.505043297,0.042709218,143.5252694,,,154.2501399,,8723,182.1908961,,1.18113926
81,OEM_8,Model_3,Pure ICE,diesel,23140,suv/crossover,manual,89.484,3,999,1,1295,1.796,1.595,215/55r17,5,,,,,,5750,FALSE,FALSE,FALSE,TRUE,1558.225113,108.5319373,0.538725263,0.039081434,1597.705082,111.2817567,0.530735571,0.03994198,138.3043112,,,125.252234,,8723,145.0776197,,1.158283689
82,OEM_1,Model_1,Pure ICE,diesel,22971,hatchback,manual,50.7076,3,999,0,970,1.641,1.504,165/70r14,5,,,,,,6200,FALSE,FALSE,FALSE,TRUE,1186.96705,91.66101928,0.633615278,0.028861115,1224.768801,94.58017951,0.627714998,0.029496616,132.8709461,,145.2307692,106.3927886,,9138,130.0817626,,1.222655824
83,OEM_4,Model_5,Pure ICE,gasoline,22335,suv/crossover,automatic,104.398,4,1330,1,1337,1.836,1.613,215/60r17,5,,,,,,5000,FALSE,FALSE,FALSE,TRUE,1607.382249,111.955781,0.52645793,0.040402712,1647.079096,114.7207061,0.518198119,0.041292352,140.6313808,,,157.144808,,8723,183.775588,,1.169466496
84,OEM_6,Model_4,Pure ICE,diesel,22216,suv/crossover,automatic,246.081,6,2925,1,1810,1.89,1.644,235/60r18,9,,,,,,4000,FALSE,FALSE,FALSE,TRUE,2179.62025,151.81273,0.50800373,0.042390359,2221.759551,154.7477745,0.499337571,0.043323765,179.2265764,,244,181.9599647,,8723,207.1025836,,1.138176653
85,OEM_10,Model_2,Pure ICE,gasoline,21671,hatchback,automatic,131.989,4,1591,1,1287,1.8,1.55,235/45r18,7,,,,,,5500,FALSE,FALSE,FALSE,TRUE,1548.892449,139.0309095,0.598662454,0.032625779,1588.331108,142.5709828,0.591992537,0.033344176,137.7706854,,,156.8800187,,9138,186.7527582,,1.190417746
86,OEM_8,Model_1,Pure ICE,gasoline,21622,hatchback,manual,70.8415,4,1368,0,1170,1.792,1.495,205/55r16,6,,,,,,6000,FALSE,FALSE,FALSE,TRUE,1413.52105,102.1278147,0.610709462,0.031328232,1452.355551,104.9336326,0.604304811,0.032018058,129.1714061,,,139.8349746,,9138,167.5538492,,1.198225621
87,OEM_6,Model_5,Pure ICE,diesel,21332,hatchback,automatic,141.683,4,1950,1,1635,1.834,1.658,225/55r17,6,,,,,,3800,FALSE,FALSE,FALSE,TRUE,1963.914813,141.8941217,0.571435957,0.035558264,2005.150457,144.8734239,0.564166531,0.036341232,156.0948432,,,154.9026395,,9138,177.6429962,,1.146804192
88,OEM_9,Model_5,Pure ICE,diesel,21292,mpv,manual,74.57,4,1499,1,1412,1.848,1.8,205/60r16,6,,,,,,3500,FALSE,FALSE,FALSE,TRUE,1695.834136,127.2664165,0.516348475,0.041491571,1735.918264,130.27459,0.507866062,0.042405187,141.5104512,,,140.0664073,,14470,162.026635,,1.156784401
89,OEM_6,Model_8,Pure ICE,diesel,20870,sedan,automatic,144.666,4,1950,1,1615,1.852,1.468,245/40r19,9,,,,,,3800,FALSE,FALSE,FALSE,TRUE,1939.561113,165.5357223,0.635917151,0.028613187,1980.693482,169.0462466,0.630067557,0.029243229,152.5319312,,,150.4241288,,16488,172.2470875,,1.145076185
90,OEM_7,Model_5,Pure ICE,gasoline,20458,suv/crossover,automatic,104.398,3,1499,1,1405,1.821,1.598,225/55r17,7,,,,,,4600,FALSE,FALSE,FALSE,TRUE,1687.542213,117.5390026,0.532982487,0.039699972,1727.590195,120.3283846,0.524866343,0.040574137,144.6508387,,,162.3221379,,8723,192.3575706,,1.185035961
91,OEM_6,Model_2,Pure ICE,diesel,20232,bus,automatic,178.222,4,1950,1,2385,1.928,1.88,225/55r17,6,,,,,,4200,FALSE,FALSE,FALSE,TRUE,2921.357313,203.4754582,0.442456689,0.049450234,2966.46577,206.6173073,0.43234723,0.050539094,209.3893832,,,199.8112301,,9996,224.0303696,,1.121210102
92,OEM_4,Model_4,Pure ICE,gasoline,20046,hatchback,manual,223.71,4,1798,1,1419,1.874,1.445,245/35r19,6,,,,,,6000,FALSE,FALSE,FALSE,TRUE,1704.133557,131.5981086,0.607572853,0.031666067,1744.253831,134.6963119,0.601099137,0.032363331,126.8512232,,,168.6301975,,9138,199.4925342,,1.183017853
93,OEM_9,Model_1,Pure ICE,diesel,19732,suv/crossover,automatic,97.6867,4,1499,1,1405,1.86,1.689,205/55r19,6,,,,,,3750,FALSE,FALSE,FALSE,TRUE,1687.542213,117.5390026,0.503648958,0.042859398,1727.590195,120.3283846,0.49488691,0.043803132,141.5293079,,,143.3651077,,8723,168.1533842,,1.172903135
94,OEM_1,Model_8,Pure ICE,diesel,19404,bus,automatic,147.649,4,1968,1,2246,1.904,1.99,235/55r17,6,,,,,,3800,FALSE,FALSE,FALSE,TRUE,2737.414234,190.6636388,0.421642958,0.051692019,2781.80493,193.7554952,0.411075195,0.052830241,210.8735351,,,194.5566889,,9996,216.499723,,1.112784784
95,OEM_4,Model_6,Pure ICE,diesel,19367,hatchback,manual,63.3845,4,1461,1,1164,1.798,1.44,195/55r16,6,,,,,,3750,FALSE,FALSE,FALSE,TRUE,1406.635384,101.6303208,0.620472141,0.030276723,1445.438902,104.4339002,0.614282458,0.030943395,117.9882757,,,118.0573973,,9138,141.4292855,,1.197970554
96,OEM_5,Model_4,Pure ICE,diesel,19211,suv/crossover,automatic,85.7555,4,1598,1,1326,1.841,1.603,215/60r16,6,,,,,,3250,FALSE,FALSE,FALSE,TRUE,1594.481674,111.0572431,0.527768288,0.040261578,1634.12172,113.8182119,0.519537331,0.041148109,144.7291981,,,141.0997782,,8723,163.2920104,,1.157280419
97,OEM_2,Model_4,Pure ICE,gasoline,19008,hatchback,automatic,96.941,3,1199,1,1180,1.804,1.457,225/45r17,6,,,,,,5500,FALSE,FALSE,FALSE,TRUE,1425.0094,127.9109813,0.616204443,0.030736384,1463.895538,131.4014594,0.609920788,0.031413178,125.3504024,,,141.6166883,,9138,171.0420063,,1.20778143
98,OEM_21,Model_2,Pure ICE,gasoline,18563,suv/crossover,manual,96.941,4,1332,0,1405,1.819,1.624,215/65r16,5,,,,,,4750,FALSE,FALSE,FALSE,TRUE,1687.542213,117.5390026,0.527396777,0.040301592,1727.590195,120.3283846,0.519157639,0.041189005,149.8688256,,,160.1909788,,8723,188.1043594,,1.17425064
99,OEM_11,Model_6,Pure ICE,diesel,18465,hatchback,manual,82.027,4,1598,1,1235,1.809,1.485,205/55r16,6,,,,,,3500,FALSE,FALSE,FALSE,TRUE,1488.468813,107.5428392,0.609914181,0.031413889,1527.638957,110.3729076,0.603492019,0.032105601,122.2890967,,,124.6795102,,9138,145.9158759,,1.170327632
100,OEM_6,Model_6,Pure ICE,diesel,18138,hatchback,automatic,141.683,4,1950,1,1570,1.834,1.611,215/65r17,6,,,,,,3800,FALSE,FALSE,FALSE,TRUE,1884.98905,145.5642915,0.580794536,0.034550279,1925.889051,148.7227075,0.57373118,0.035311052,151.9217479,,,151.726386,,9138,171.8162585,,1.132408561
101,OEM_2,Model_3,Pure ICE,gasoline,17700,suv/crossover,manual,96.941,3,1199,1,1290,1.844,1.646,205/55r19,5,,,,,,5500,FALSE,FALSE,FALSE,TRUE,1552.39105,108.125589,0.517115564,0.041408951,1591.845201,110.8736101,0.508650041,0.042320747,144.9468998,,,151.1152318,,8723,174.9351267,,1.157627359
102,OEM_7,Model_9,Pure ICE,gasoline,17690,sedan,automatic,192.391,4,1998,1,1540,1.827,1.442,225/50r17,8,,,,,,5000,FALSE,FALSE,FALSE,TRUE,1848.7798,148.3405867,0.644144836,0.027727008,1889.524888,151.6098512,0.638476409,0.028337537,158.6041909,,,176.3100582,,16488,207.7696087,,1.178433102
103,OEM_13,Model_3,Pure ICE,diesel,17689,suv/crossover,manual,111.855,3,1497,1,1464,1.883,1.661,225/65r17,6,,,,,,6000,FALSE,FALSE,FALSE,TRUE,1757.665984,122.4231935,0.5054067,0.042670077,1798.018627,125.2337954,0.496683356,0.043609642,144.0641483,,,142.0942666,,8723,168.6156952,,1.186646719
104,OEM_22,Model_2,Pure ICE,gasoline,17307,suv/crossover,manual,123.04,4,1998,0,1418,1.84,1.675,225/65r17,6,,,,,,6000,FALSE,FALSE,FALSE,TRUE,1702.947466,118.611994,0.511190642,0.042047106,1743.062577,121.4060515,0.502594657,0.042972954,167.218339,,,175.3778103,,8723,211.5164047,,1.206061384
105,OEM_21,Model_2,Pure ICE,diesel,16834,suv/crossover,manual,96.941,4,1332,0,1405,1.819,1.624,215/65r16,5,,,,,,4750,FALSE,FALSE,FALSE,TRUE,1687.542213,117.5390026,0.527396777,0.040301592,1727.590195,120.3283846,0.519157639,0.041189005,149.8688256,,,134.6267721,,8723,159.8371736,,1.187261427
106,OEM_2,Model_1,Pure ICE,diesel,16624,mpv,automatic,96.941,4,1499,1,1430,1.848,1.874,215/60r17,6,,,,,,3750,FALSE,FALSE,FALSE,TRUE,1717.19065,128.8691481,0.500511394,0.043197336,1757.367726,131.884297,0.491680259,0.044148511,143.9047137,,,146.658989,,14470,171.9597212,,1.172514023
107,OEM_5,Model_3,Pure ICE,gasoline,16458,suv/crossover,automatic,111.855,4,1498,1,1586,1.882,1.655,235/50r19,6,,,,,,5000,FALSE,FALSE,FALSE,TRUE,1904.356954,132.6403662,0.507047402,0.042493362,1945.339575,135.4948467,0.498360186,0.043429036,164.3594705,,,173.6984021,,8723,200.838685,,1.156249468
108,OEM_11,Model_3,Pure ICE,gasoline,15736,suv/crossover,automatic,96.941,3,1199,1,1293,1.856,1.609,215/65r17,5,,,,,,5500,FALSE,FALSE,FALSE,TRUE,1555.891029,108.369366,0.523312057,0.040741545,1595.360671,111.1184661,0.514982976,0.041638645,141.1994357,,,151.7958193,,8723,180.4675666,,1.188883643
109,OEM_8,Model_1,Pure ICE,diesel,15270,hatchback,manual,89.484,4,1598,1,1270,1.792,1.495,205/55r16,6,,,,,,3750,FALSE,FALSE,FALSE,TRUE,1529.09305,110.4779668,0.610709462,0.031328232,1568.443926,113.3210931,0.604304811,0.032018058,129.1714061,,,126.2104554,,9138,149.6070527,,1.185377648
110,OEM_15,Model_1,Pure ICE,diesel,15262,hatchback,manual,111.855,4,1968,1,1232,1.816,1.444,225/45r17,6,,,,,,3500,FALSE,FALSE,FALSE,TRUE,1484.995456,133.2954196,0.61686933,0.030664771,1524.150109,136.81,0.610600316,0.031339988,126.7844177,,131,136.3481128,,9138,160.1949849,,1.174896972
111,OEM_13,Model_2,Pure ICE,gasoline,15050,suv/crossover,manual,115.583,3,998,1,1280,1.805,1.55,215/50r18,5,,,,,,6000,FALSE,FALSE,FALSE,TRUE,1540.7344,107.3136917,0.547195408,0.038169141,1580.136913,110.0581161,0.539392222,0.039009598,132.975158,,,145.9483542,,8723,171.0136637,,1.171740954
112,OEM_11,Model_5,Pure ICE,diesel,14923,hatchback,manual,76.0614,4,1499,1,1065,1.765,1.433,195/55r16,6,,,,,,3500,FALSE,FALSE,FALSE,TRUE,1293.817113,93.47912736,0.626972813,0.029576555,1332.10942,96.24577143,0.62092627,0.03022781,118.172819,,,115.1080894,,9138,137.9086642,,1.198079691
113,OEM_14,Model_7,Pure ICE,diesel,14422,hatchback,automatic,111.855,4,1968,1,1315,1.785,1.426,205/55r16,6,,,,,,3500,FALSE,FALSE,FALSE,TRUE,1581.599613,114.2716,0.625217767,0.029765586,1621.182857,117.1315152,0.619132579,0.030421003,125.0054705,,,138.6220665,,9138,159.4969224,,1.150588261
114,OEM_6,Model_9,Pure ICE,diesel,14379,sedan,automatic,182.696,4,1950,1,1535,1.81,1.442,205/60r16,9,,,,,,4000,FALSE,FALSE,FALSE,TRUE,1842.758313,147.8574404,0.646540189,0.027469012,1883.477582,151.1246334,0.640924506,0.02807386,146.6293675,,,147.5253564,,16488,170.5898623,,1.156342655
115,OEM_1,Model_2,Pure ICE,gasoline,14272,mpv,manual,85.7555,3,999,1,1360,1.829,1.659,215/55r17,5,,,,,,5500,FALSE,FALSE,FALSE,TRUE,1634.416,125.8639245,0.550174943,0.037848224,1674.231613,128.9300652,0.542437365,0.038681615,146.5888918,,,148.1223263,,14470,173.7806162,,1.17322365
116,OEM_4,Model_3,Pure ICE,gasoline,13977,mpv,automatic,89.484,4,1749,1,1567,1.866,1.653,195/55r20,6,,,,,,3500,FALSE,FALSE,FALSE,TRUE,1881.361929,144.8808601,0.544362849,0.038474227,1922.246438,148.0293148,0.536497292,0.039321403,150.5848417,,,174.0856433,,14470,201.9374209,,1.15998894
117,OEM_6,Model_6,Pure ICE,gasoline,13729,hatchback,automatic,90.9754,4,1595,1,1335,1.804,1.494,215/60r17,7,,,,,,5000,FALSE,FALSE,FALSE,TRUE,1605.035313,115.1775748,0.608957564,0.031516924,1644.721832,118.0254854,0.602514338,0.032210904,151.9217479,,,150.0997465,,9138,175.078603,,1.166415048
118,OEM_15,Model_3,Pure ICE,diesel,13612,suv/crossover,automatic,111.855,4,1968,1,1383,1.807,1.601,215/55r17,6,,,,,,3500,FALSE,FALSE,FALSE,TRUE,1661.530689,115.727274,0.5351296,0.039468713,1701.465068,118.5087435,0.527060734,0.040337786,153.8220777,,,148.0213837,,8723,173.0808882,,1.169296515
119,OEM_6,Model_3,Pure ICE,diesel,13580,suv/crossover,automatic,246.081,6,2925,1,2165,1.947,1.772,275/50r20,6,,,,,,4000,FALSE,FALSE,FALSE,TRUE,2631.587613,183.2927088,0.464566972,0.047068802,2675.560045,186.3554327,0.454944366,0.048105224,210.9816588,,,200.1360703,,8723,230.5784136,,1.152108229
120,OEM_13,Model_3,Pure ICE,gasoline,13454,suv/crossover,manual,111.855,3,1497,1,1464,1.883,1.661,225/65r17,6,,,,,,6000,FALSE,FALSE,FALSE,TRUE,1757.665984,122.4231935,0.5054067,0.042670077,1798.018627,125.2337954,0.496683356,0.043609642,144.0641483,,,165.7638491,,8723,193.6057578,,1.167961283
121,OEM_1,Model_2,Pure ICE,diesel,12898,mpv,automatic,85.7555,4,1968,1,1470,1.829,1.659,205/60r16,7,,,,,,3200,FALSE,FALSE,FALSE,TRUE,1764.82705,132.4440932,0.550174943,0.037848224,1805.210676,135.474743,0.542437365,0.038681615,146.5888918,,,150.1116709,,14470,171.9512613,,1.145488957
122,OEM_22,Model_4,Pure ICE,gasoline,12843,suv/crossover,manual,90.2297,4,1998,0,1159,1.765,1.535,215/50r18,6,,,,,,6000,FALSE,FALSE,FALSE,TRUE,1400.901537,97.57419292,0.558402168,0.036962094,1439.679236,100.2750985,0.550845748,0.037775973,145.6996808,,,162.2861229,,8723,194.0564779,,1.19576754
123,OEM_1,Model_11,Pure ICE,diesel,12509,hatchback,automatic,111.855,4,1968,1,1543,1.871,1.427,245/45r18,6,,,,,,3500,FALSE,FALSE,FALSE,TRUE,1852.394529,166.2737115,0.611699952,0.031221549,1893.155108,169.9324422,0.605317112,0.031909026,155.7490492,,,151.2435091,,9138,172.9187616,,1.143313605
124,OEM_14,Model_2,Pure ICE,gasoline,12220,suv/crossover,automatic,171.511,4,1984,1,1595,1.849,1.585,255/40r20,7,,,,,,5000,FALSE,FALSE,FALSE,TRUE,1915.268613,133.4003741,0.530359618,0.039982473,1956.297707,136.2580916,0.52218572,0.040862859,161.2566701,,,184.1599345,,8723,220.6990492,,1.198409686
125,OEM_1,Model_7,Pure ICE,gasoline,12101,sedan,automatic,202.83,4,1984,1,1645,1.832,1.483,215/55r17,6,,,,,,5500,FALSE,FALSE,FALSE,TRUE,1976.114613,156.6363295,0.636100853,0.028593401,2017.401895,159.9089577,0.630255303,0.029223008,139.4707402,,,180.3720605,,16488,211.4349827,,1.172215819
126,OEM_3,Model_4,Pure ICE,gasoline,12054,hatchback,CVT,85.7555,4,1197,1,1230,1.79,1.435,225/45r17,5,,,,,,5200,FALSE,FALSE,FALSE,TRUE,1482.68065,133.0876392,0.622694584,0.03003735,1521.824976,136.6012926,0.616553837,0.030698752,142.1289413,,,140.9360162,,9138,162.9023783,,1.155860529
127,OEM_24,Model_2,Pure ICE,gasoline,11546,suv/crossover,automatic,263.978,6,2995,1,1840,1.923,1.624,235/60r18,7,,,,,,5400,FALSE,FALSE,FALSE,TRUE,2217.0688,154.421059,0.506003423,0.042605806,2259.363013,157.3668932,0.497293218,0.043543956,241.5646885,,,236.805215,,8723,275.7020154,,1.16425652
128,OEM_28,Model_1,Pure ICE,diesel,11453,suv/crossover,automatic,156.597,4,2143,1,1720,1.903,1.671,255/45r20,8,,,,,,3750,FALSE,FALSE,FALSE,TRUE,2068.1008,144.0452888,0.49878841,0.043382913,2109.775363,146.9479638,0.489919336,0.044338175,170.71671,,,165.7160457,,8723,192.9177608,,1.164146537
129,OEM_11,Model_3,Pure ICE,diesel,11201,suv/crossover,manual,96.941,4,1499,1,1335,1.856,1.609,215/65r17,6,,,,,,3750,FALSE,FALSE,FALSE,TRUE,1605.035313,111.7923146,0.523312057,0.040741545,1644.721832,114.5565203,0.514982976,0.041638645,141.1994357,,,135.2350712,,8723,153.9074354,,1.138073387
130,OEM_11,Model_4,Pure ICE,diesel,10715,suv/crossover,automatic,89.484,4,1499,1,1250,1.825,1.605,195/60r16,6,,,,,,3500,FALSE,FALSE,FALSE,TRUE,1505.85625,104.8843937,0.530554683,0.039961463,1545.103851,107.6180283,0.52238508,0.040841387,131.9529851,,,137.3006803,,8723,164.6814081,,1.199421647
131,OEM_7,Model_4,Pure ICE,diesel,10468,suv/crossover,automatic,228.184,4,1998,1,1585,1.824,1.526,255/45r19,6,,,,,,5000,FALSE,FALSE,FALSE,TRUE,1903.145313,132.5559742,0.549010023,0.037973694,1944.12277,135.410095,0.541246794,0.038809848,145.4902704,,,156.635811,,8723,178.374911,,1.138787547
132,OEM_2,Model_2,Pure ICE,diesel,10437,hatchback,automatic,134.226,4,1997,1,1510,1.859,1.403,235/45r18,6,,,,,,3750,FALSE,FALSE,FALSE,TRUE,1812.70825,162.7114116,0.618403109,0.030499572,1853.298426,166.3548466,0.612167867,0.031171151,130.6149743,,,150.8946952,,9138,173.6570855,,1.150849507
133,OEM_4,Model_7,Pure ICE,diesel,10405,suv/crossover,manual,96.941,4,1330,1,1226,1.778,1.566,205/55r17,5,,,,,,5000,FALSE,FALSE,FALSE,TRUE,1478.052874,102.9478607,0.548892984,0.0379863,1517.176545,105.6728635,0.541127178,0.038822731,133.2171614,,,125.7877631,,8723,146.6944615,,1.166206139
134,OEM_11,Model_2,Pure ICE,diesel,10303,stationwagon,manual,82.027,4,1598,1,1403,1.863,1.5,225/55r17,6,,,,,,3500,FALSE,FALSE,FALSE,TRUE,1685.174469,131.4259142,0.588060523,0.033767681,1725.212123,134.5484309,0.581157159,0.034511222,142.1629003,,,133.3934613,,16488,155.9216098,,1.168884953
135,OEM_16,Model_2,Pure ICE,diesel,10099,mpv,manual,96.941,4,1330,1,1186,1.751,1.682,185/65r15,5,,,,,,5000,FALSE,FALSE,FALSE,TRUE,1431.909754,107.1086395,0.560496863,0.036736481,1470.826875,110.0196888,0.552986566,0.037545392,135.113233,,,125.0914445,,14470,147.0038629,,1.1751712
136,OEM_13,Model_1,Pure ICE,diesel,9998,bus,manual,137.954,4,2000,1,2289,1.986,1.979,235/55r17,6,,,,,,3500,FALSE,FALSE,FALSE,TRUE,2794.001697,194.6050122,0.403740768,0.053620211,2838.614434,197.7123339,0.392778811,0.05480089,216.186656,,,195.5714983,,9996,223.5123405,,1.142867659
137,OEM_9,Model_1,Pure ICE,gasoline,9714,suv/crossover,automatic,134.972,4,1598,1,1405,1.86,1.689,235/55r18,6,,,,,,5500,FALSE,FALSE,FALSE,TRUE,1687.542213,117.5390026,0.503648958,0.042859398,1727.590195,120.3283846,0.49488691,0.043803132,141.5293079,,,168.2850792,,8723,197.9945336,,1.176542416
138,OEM_6,Model_1,Pure ICE,diesel,9529,bus,manual,121.549,4,1950,1,2150,1.928,1.91,205/65r16,6,,,,,,3800,FALSE,FALSE,FALSE,TRUE,2612.10025,181.9353945,0.435130337,0.050239334,2655.995226,184.9927235,0.424859557,0.051345569,196.1575192,,,184.7329689,,9996,211.5309481,,1.145063328
139,OEM_14,Model_3,Pure ICE,diesel,9280,suv/crossover,manual,86.5012,4,1598,1,1320,1.794,1.508,215/55r17,6,,,,,,3250,FALSE,FALSE,FALSE,TRUE,1587.4528,110.567675,0.558899079,0.036908573,1627.061863,113.3264858,0.5513536,0.037721274,139.1585831,,,131.5790847,,8723,153.3130905,,1.165178272
140,OEM_18,Model_1,Pure ICE,diesel,9272,suv/crossover,manual,85.7555,4,1461,1,1360,1.806,1.59,215/55r18,6,,,,,,3750,FALSE,FALSE,FALSE,TRUE,1634.416,113.8387088,0.537848735,0.039175843,1674.231613,116.6119061,0.529839743,0.040038467,146.0756082,,,132.4122109,,8723,154.8007955,,1.169082477
141,OEM_3,Model_3,Pure ICE,diesel,9149,bestelwagen,automatic,90.9754,4,1997,1,1745,1.92,1.91,215/65r16,6,,,,,,4000,FALSE,FALSE,FALSE,TRUE,2098.954113,146.1942529,0.370707365,0.057178139,2140.75777,149.1059194,0.359018037,0.058437162,183.6807301,,,176.4328039,,15987,201.4940157,,1.142043947
142,OEM_7,Model_4,Pure ICE,gasoline,9080,suv/crossover,automatic,228.184,4,1998,1,1585,1.824,1.526,255/45r19,6,,,,,,5000,FALSE,FALSE,FALSE,TRUE,1903.145313,132.5559742,0.549010023,0.037973694,1944.12277,135.410095,0.541246794,0.038809848,145.4902704,,,185.5164314,,8723,218.8368309,,1.179608885
143,OEM_4,Model_5,Pure ICE,diesel,9010,suv/crossover,automatic,86.5012,4,1461,1,1403,1.836,1.613,215/55r18,6,,,,,,3750,FALSE,FALSE,FALSE,TRUE,1685.174469,117.3740869,0.52645793,0.040402712,1725.212123,120.1627496,0.518198119,0.041292352,140.6313808,,,140.3600865,,8723,161.2834614,,1.149069264
144,OEM_6,Model_5,Pure ICE,gasoline,8955,hatchback,automatic,101.415,4,1332,1,1455,1.834,1.658,225/55r17,5,,,,,,5500,FALSE,FALSE,FALSE,TRUE,1746.934713,126.2171685,0.571435957,0.035558264,1787.240882,129.1293154,0.564166531,0.036341232,156.0948432,,,155.6902359,,9138,184.4947766,,1.185011864
145,OEM_3,Model_1,NOVC-HEV,gasoline,139341,hatchback,CVT,55.9275,4,1497,0,1060,1.695,1.51,175/65r15,6,,,,,,4800,FALSE,TRUE,FALSE,TRUE,1288.159,99.47535353,0.623693434,0.029929767,1326.425488,102.4304021,0.617574682,0.0305888,94.52118559,,,100.0079172,,9138,130.464688,,1.304543596
146,OEM_3,Model_4,NOVC-HEV,gasoline,115274,hatchback,CVT,113.346,4,1987,0,1315,1.79,1.435,225/45r17,6,,,,,,6000,FALSE,TRUE,FALSE,TRUE,1581.599613,141.9667536,0.622694584,0.03003735,1621.182857,145.519805,0.616553837,0.030698752,108.6824495,,,122.3203176,,9138,157.9696562,,1.291442496
147,OEM_8,Model_4,NOVC-HEV,gasoline,101493,hatchback,manual,63.3845,2,875,1,955,1.627,1.488,195/45r16,5,,,,,,5500,FALSE,TRUE,FALSE,TRUE,1170.222213,105.0409011,0.638727657,0.028310476,1207.946507,108.4270904,0.632939947,0.028933853,114.3467569,,,92.01043488,,9138,116.2609642,,1.263562816
148,OEM_8,Model_2,NOVC-HEV,gasoline,94756,hatchback,manual,51.4533,4,1242,0,915,1.643,1.551,175/65r14,5,,,,,,5500,FALSE,TRUE,FALSE,TRUE,1125.737613,86.9327055,0.624904758,0.029799299,1163.255357,89.82993395,0.618812678,0.030455459,117.3016474,,,95.65263565,,9138,126.0882996,,1.318189496
149,OEM_3,Model_5,NOVC-HEV,gasoline,89906,suv/crossover,CVT,70.8415,4,1797,1,1355,1.795,1.555,225/50r18,6,,,,,,5200,FALSE,TRUE,FALSE,TRUE,1628.532213,113.4288971,0.548021903,0.038080121,1668.322007,116.2002961,0.540236916,0.038918619,113.6126176,,,119.9641043,,8723,149.2481977,,1.244107132
150,OEM_13,Model_2,NOVC-HEV,gasoline,78461,suv/crossover,manual,115.583,3,998,1,1280,1.805,1.55,215/50r18,5,,,,,,6000,FALSE,TRUE,FALSE,TRUE,1540.7344,107.3136917,0.547195408,0.038169141,1580.136913,110.0581161,0.539392222,0.039009598,126.8411002,,,109.0103389,,8723,138.1408469,,1.267227019
151,OEM_3,Model_2,NOVC-HEV,gasoline,66224,suv/crossover,CVT,131.989,4,2487,0,1565,1.855,1.685,225/65r17,6,,,,,,6000,FALSE,TRUE,FALSE,TRUE,1878.944613,130.8703712,0.505658511,0.042642955,1919.818795,133.7172989,0.496940713,0.043581923,130.089049,,,147.3917361,,8723,185.2757154,,1.257029195
152,OEM_19,Model_2,NOVC-HEV,gasoline,47876,hatchback,manual,67.113,4,1242,0,935,1.735,1.505,185/55r16,5,,,,,,6000,FALSE,TRUE,FALSE,TRUE,1147.949313,82.940084,0.618077614,0.03053463,1185.570332,85.65822711,0.611835205,0.031206981,111.7003238,,,95.51915726,,9138,123.3572064,,1.291439434
153,OEM_4,Model_7,NOVC-HEV,gasoline,47308,suv/crossover,manual,96.941,4,1330,1,1226,1.778,1.566,205/55r17,5,,,,,,5000,FALSE,TRUE,FALSE,TRUE,1478.052874,102.9478607,0.548892984,0.0379863,1517.176545,105.6728635,0.541127178,0.038822731,129.5498097,48,146,112.1376541,,8723,144.6544546,,1.289972184
154,OEM_19,Model_1,NOVC-HEV,gasoline,44275,suv/crossover,manual,96.1953,4,1373,1,1140,1.775,1.595,215/55r17,6,,,,,,5500,FALSE,TRUE,FALSE,TRUE,1379.1478,96.05902342,0.542967936,0.038624469,1417.827388,98.75309542,0.535071664,0.039474953,130.9396632,,,110.7844003,,8723,141.807644,,1.2800326
155,OEM_7,Model_9,NOVC-HEV,diesel,39084,sedan,automatic,141.683,4,1995,1,1430,1.827,1.442,205/60r16,8,,,,,,4000,FALSE,TRUE,FALSE,TRUE,1717.19065,137.782265,0.644144836,0.027727008,1757.367726,141.005954,0.638476409,0.028337537,137.0339271,,,120.3307788,,16488,143.0188525,,1.188547551
156,OEM_4,Model_6,NOVC-HEV,gasoline,37108,hatchback,automatic,104.398,4,1598,0,1213,1.798,1.44,195/55r16,6,,,,,,5500,FALSE,TRUE,FALSE,TRUE,1463.029509,105.704833,0.620472141,0.030276723,1502.086051,108.5266935,0.614282458,0.030943395,98.78944674,,,106.1680608,,9138,141.3024776,,1.330932076
157,OEM_19,Model_3,NOVC-HEV,gasoline,35663,hatchback,manual,67.113,4,1242,0,810,1.66,1.595,175/60r16,5,,,,,,6000,FALSE,TRUE,FALSE,TRUE,1010.13025,72.48709826,0.614112068,0.030961747,1047.105801,75.14046933,0.607782341,0.031643503,116.4748177,,,93.59220256,,9138,122.9382852,,1.313552645
158,OEM_10,Model_1,NOVC-HEV,gasoline,33398,suv/crossover,automatic,131.989,4,1591,1,1537,1.85,1.65,225/60r17,7,,,,,,5500,FALSE,TRUE,FALSE,TRUE,1845.166449,128.5176883,0.514927285,0.041644644,1885.896046,131.3545455,0.506413577,0.042561629,131.5052849,,,128.9661388,,8723,164.7363351,,1.277361148
159,OEM_22,Model_3,NOVC-HEV,gasoline,32604,suv/crossover,manual,90.9754,4,1998,0,1295,1.795,1.54,215/65r16,6,,,,,,6000,FALSE,TRUE,FALSE,TRUE,1558.225113,108.5319373,0.55143238,0.037712789,1597.705082,111.2817567,0.54372249,0.038543198,138.8737885,,,120.2615543,,8723,156.5757946,,1.30196051
160,OEM_1,Model_9,NOVC-HEV,gasoline,29273,hatchback,automatic,216.253,4,1984,1,1310,1.799,1.442,225/40r18,6,,,,,,5000,FALSE,TRUE,FALSE,TRUE,1575.75025,121.6839794,0.619925162,0.030335636,1615.307676,124.7387179,0.613723434,0.031003606,126.6419298,,,124.2630624,,9138,160.4330156,,1.291075663
161,OEM_7,Model_3,NOVC-HEV,diesel,28145,suv/crossover,automatic,126.769,4,1597,1,1635,1.891,1.676,225/60r18,6,,,,,,5000,FALSE,TRUE,FALSE,TRUE,1963.914813,136.7886306,0.500130687,0.043238341,2005.150457,139.6607345,0.49129117,0.044190419,160.8249294,,,127.5663215,,8723,149.5437903,,1.172282688
162,OEM_10,Model_2,NOVC-HEV,gasoline,27412,hatchback,automatic,78.2985,4,1580,0,1377,1.8,1.565,235/45r18,6,,,,,,5700,FALSE,TRUE,FALSE,TRUE,1654.449489,148.5058678,0.595731045,0.032941512,1694.352886,152.0876565,0.58899658,0.033666861,120.5347293,,,117.5570567,,9138,151.5086407,,1.288809408
163,OEM_17,Model_2,NOVC-HEV,diesel,25869,suv/crossover,automatic,141.683,4,1969,1,1850,1.902,1.658,235/55r19,6,,,,,,4250,FALSE,TRUE,FALSE,TRUE,2229.58225,155.2926333,0.502132008,0.043022785,2271.928101,158.2420641,0.493336558,0.043970116,167.4912382,10,172,139.1480976,,8723,162.6021862,,1.168554864
164,OEM_14,Model_1,NOVC-HEV,diesel,25683,suv/crossover,automatic,141.683,4,1968,1,1745,1.893,1.659,235/55r19,7,,,,,,3800,FALSE,TRUE,FALSE,TRUE,2098.954113,146.1942529,0.503782337,0.042845032,2140.75777,149.1059194,0.495023226,0.04378845,177.9126002,,,137.180646,,8723,164.6047894,,1.199912628
165,OEM_18,Model_1,NOVC-HEV,gasoline,25418,suv/crossover,manual,85.7555,4,1461,1,1360,1.806,1.59,215/55r18,6,,,,,,3750,FALSE,TRUE,FALSE,TRUE,1634.416,113.8387088,0.537848735,0.039175843,1674.231613,116.6119061,0.529839743,0.040038467,144.8548495,,,118.3910681,,8723,151.3804949,,1.278647936
166,OEM_12,Model_2,NOVC-HEV,diesel,24690,suv/crossover,automatic,101.415,4,1598,1,1527,1.855,1.645,245/45r19,7,,,,,,4000,FALSE,TRUE,FALSE,TRUE,1833.131889,127.6794692,0.515057117,0.04163066,1873.809848,130.5127297,0.506546269,0.042547338,152.4700254,,,124.1476314,,8723,151.3886255,,1.219424195
167,OEM_14,Model_5,NOVC-HEV,diesel,24110,sedan,automatic,197.61,4,1984,1,1620,1.886,1.457,225/55r18,7,,,,,,5250,FALSE,TRUE,FALSE,TRUE,1945.6438,154.2210667,0.633067235,0.028920143,1986.801988,157.4834622,0.627154887,0.029556944,161.6988628,,,125.405409,,16488,149.8761286,,1.195132888
168,OEM_7,Model_8,NOVC-HEV,diesel,23557,sedan,automatic,141.683,4,1995,1,1625,1.868,1.479,225/55r17,8,,,,,,4000,FALSE,TRUE,FALSE,TRUE,1951.730313,154.7035129,0.631614233,0.029076642,1992.91432,157.967955,0.625669891,0.029716889,147.9033618,,,125.2131331,,16488,149.636029,,1.195050594
169,OEM_12,Model_1,NOVC-HEV,gasoline,22300,suv/crossover,manual,89.484,3,998,1,1125,1.76,1.485,195/55r16,6,,,,,,6000,FALSE,TRUE,FALSE,TRUE,1362.012813,94.8655544,0.570520923,0.035656819,1400.614945,97.5542315,0.563231349,0.036441957,124.1096013,,,102.8543027,,8723,128.3478344,,1.247860624
170,OEM_13,Model_4,NOVC-HEV,gasoline,21477,hatchback,manual,93.2125,3,998,1,1222,1.825,1.452,195/65r16,5,,,,,,6000,FALSE,TRUE,FALSE,TRUE,1473.427546,113.782325,0.613873212,0.030987474,1512.530562,116.8019727,0.607538226,0.031669796,120.0211708,,,100.499534,,9138,127.3847708,,1.267516035
171,OEM_14,Model_6,NOVC-HEV,diesel,20762,stationwagon,automatic,182.696,4,1984,1,1500,1.842,1.434,225/50r17,6,,,,,,5000,FALSE,TRUE,FALSE,TRUE,1800.715,134.4207995,0.605233632,0.031918017,1841.253538,137.4469434,0.598708408,0.03262083,142.0216098,,,125.2792691,,16488,148.8993489,,1.188539412
172,OEM_12,Model_5,NOVC-HEV,gasoline,19899,suv/crossover,automatic,78.2985,4,1580,0,1400,1.805,1.545,225/45r18,6,,,,,,5700,FALSE,TRUE,FALSE,TRUE,1681.624,117.1267932,0.548338567,0.038046014,1721.646163,119.9143769,0.540560553,0.038883761,112.9002462,,,118.1481499,,8723,151.694478,,1.283934434
173,OEM_14,Model_2,NOVC-HEV,gasoline,15934,suv/crossover,automatic,171.511,4,1984,1,1595,1.849,1.585,255/40r20,7,,,,,,5000,FALSE,TRUE,FALSE,TRUE,1915.268613,133.4003741,0.530359618,0.039982473,1956.297707,136.2580916,0.52218572,0.040862859,152.9398392,,,136.4283454,,8723,172.523999,,1.26457591
174,OEM_5,Model_2,NOVC-HEV,gasoline,15564,hatchback,automatic,85.7555,4,1598,1,1220,1.814,1.461,225/45r17,7,,,,,,3250,FALSE,TRUE,FALSE,TRUE,1471.1158,132.0495609,0.613834778,0.030991613,1510.208488,135.5585792,0.607498945,0.031674027,122.5271139,76,114.75,113.5518018,,9138,141.666041,,1.247589547
175,OEM_14,Model_7,NOVC-HEV,gasoline,14819,hatchback,automatic,141.683,4,1984,1,1290,1.785,1.426,205/55r16,7,,,,,,4200,FALSE,TRUE,FALSE,TRUE,1552.39105,112.1612624,0.625217767,0.029765586,1591.845201,115.0118505,0.619132579,0.030421003,128.9377151,,,118.8810583,,9138,154.8157668,,1.302274467
176,OEM_13,Model_5,NOVC-HEV,gasoline,14087,hatchback,automatic,74.57,3,999,1,1106,1.734,1.483,195/55r16,5,,,,,,6500,FALSE,TRUE,FALSE,TRUE,1340.357914,96.84173052,0.622382769,0.030070935,1378.861935,99.62367105,0.616235156,0.030733076,116.8011642,,,96.05894018,,9138,123.2834848,,1.283415001
177,OEM_22,Model_5,NOVC-HEV,gasoline,13513,sedan,manual,90.9754,4,1998,0,1250,1.795,1.435,205/60r16,6,,,,,,6000,FALSE,TRUE,FALSE,TRUE,1505.85625,120.825422,0.649881507,0.027109128,1545.103851,123.9745326,0.644339397,0.027706052,132.3231703,,,112.8883853,,16488,142.8977281,,1.265831978
178,OEM_17,Model_4,NOVC-HEV,diesel,12973,stationwagon,automatic,141.683,4,1969,1,1652,1.85,1.433,225/50r17,6,,,,,,4250,FALSE,TRUE,FALSE,TRUE,1984.663576,148.1522976,0.604154142,0.032034286,2025.987004,151.2370324,0.597605148,0.032739658,152.8011794,,,126.7074531,,16488,150.3282949,,1.186420303
179,OEM_27,Model_1,NOVC-HEV,gasoline,12891,hatchback,CVT,72.3329,4,1498,0,1304,1.694,1.526,185/55r16,6,,,,,,5500,FALSE,TRUE,FALSE,TRUE,1568.736064,113.3422003,0.620914675,0.030229059,1608.262507,116.1980115,0.614734736,0.030894682,105.4669046,,,105.640391,,9138,137.4130551,,1.300762463
180,OEM_15,Model_1,NOVC-HEV,gasoline,12367,hatchback,manual,111.855,4,1968,1,1232,1.816,1.444,225/45r17,6,,,,,,3500,FALSE,TRUE,FALSE,TRUE,1484.995456,133.2954196,0.61686933,0.030664771,1524.150109,136.81,0.610600316,0.031339988,131.8702086,,,119.7399336,,9138,154.0851189,,1.286831505
181,OEM_12,Model_6,NOVC-HEV,diesel,11874,hatchback,manual,89.484,3,998,1,1197,1.8,1.442,225/45r17,6,,,,,,6000,FALSE,TRUE,FALSE,TRUE,1444.574709,129.6671927,0.619768603,0.030352499,1483.548631,133.1655504,0.613563428,0.03102084,128.7815521,,,93.76055803,,9138,112.8756919,,1.203871802
182,OEM_7,Model_1,NOVC-HEV,diesel,10632,suv/crossover,automatic,253.538,6,2993,1,2175,2.004,1.745,255/55r18,8,,,,,,4400,FALSE,TRUE,FALSE,TRUE,2644.598313,184.1989171,0.458626851,0.047708595,2688.622382,187.2652375,0.448873447,0.048759105,192.1438712,,,167.6681387,,8723,197.7210094,,1.1792402
183,OEM_22,Model_6,NOVC-HEV,gasoline,10233,hatchback,manual,67.113,4,1496,0,1000,1.695,1.495,185/65r15,5,,,,,,6000,FALSE,TRUE,FALSE,TRUE,1220.56,94.25516377,0.626453845,0.029632451,1258.516663,97.18628679,0.620395875,0.030284937,119.8253689,,,100.0157794,,9138,133.0402573,,1.330192677
184,OEM_14,Model_6,NOVC-HEV,gasoline,9873,stationwagon,automatic,182.696,4,1984,1,1500,1.842,1.434,225/50r17,6,,,,,,5000,FALSE,TRUE,FALSE,TRUE,1800.715,134.4207995,0.605233632,0.031918017,1841.253538,137.4469434,0.598708408,0.03262083,142.0216098,,,127.5321917,,16488,162.062006,,1.270753713
185,OEM_17,Model_3,NOVC-HEV,gasoline,9291,suv/crossover,automatic,134.226,3,1477,1,1584,1.873,1.658,235/55r18,6,,,,,,5800,FALSE,TRUE,FALSE,TRUE,1901.933824,132.4715928,0.508222355,0.042366811,1942.906117,135.325354,0.49956101,0.043299699,168.9169897,,,130.6670408,,8723,158.6498903,,1.214153847
186,OEM_6,Model_9,NOVC-HEV,gasoline,9119,sedan,automatic,96.1953,4,1497,1,1375,1.81,1.442,225/50r17,9,,,,,,5000,FALSE,TRUE,FALSE,TRUE,1652.090313,132.5588078,0.646540189,0.027469012,1691.983382,135.7597089,0.640924506,0.02807386,146.8892724,,,107.5933321,,16488,137.3852418,,1.276893643
187,OEM_13,Model_3,NOVC-HEV,gasoline,9119,suv/crossover,manual,111.855,3,1497,1,1464,1.883,1.661,225/65r17,6,,,,,,6000,FALSE,TRUE,FALSE,TRUE,1757.665984,122.4231935,0.5054067,0.042670077,1798.018627,125.2337954,0.496683356,0.043609642,129.8604373,,,124.3423586,,8723,157.2733319,,1.26484115
188,OEM_7,Model_2,NOVC-HEV,diesel,9102,suv/crossover,automatic,213.27,6,2993,1,1905,1.918,1.621,225/60r18,8,,,,,,4000,FALSE,TRUE,FALSE,TRUE,2298.679713,160.1053407,0.507760784,0.042416526,2341.30957,163.0745528,0.499089276,0.043350508,162.6804734,,,153.8774803,,8723,186.308756,,1.210760376
189,OEM_13,Model_3,OVC-HEV,gasoline,39278,suv/crossover,CVT,113.3464,4,2488,0,1769,1.883,1.661,225/60r18,6,40,360,97.6867,216.4112775,,5500,FALSE,TRUE,FALSE,TRUE,2128.663257,148.2635245,0.5054067,0.042670077,2170.590844,151.1838228,0.496683356,0.043609642,30.69632081,63.0457879,149.2834295,33.8119096,,8723,139.0602088,,4.112758211
190,OEM_2,Model_5,OVC-HEV,gasoline,38269,suv/crossover,automatic,134.226,4,1598,1,1755,1.844,1.624,205/55r19,6,40.4040404,326.7,30.774,62.19387929,,5500,FALSE,TRUE,FALSE,TRUE,2111.322213,147.0557034,0.522254144,0.040855489,2153.177507,149.9709665,0.513901769,0.041755099,30.80539877,62.16366154,154.4573915,31.07042834,,8723,127.3425018,,4.098511305
191,OEM_17,Model_3,OVC-HEV,gasoline,34288,suv/crossover,automatic,134.226,3,1477,1,1584,1.873,1.658,235/55r18,6,102,360,58.774,126.727027,,5800,FALSE,TRUE,FALSE,TRUE,1901.933824,132.4715928,0.508222355,0.042366811,1942.906117,135.325354,0.49956101,0.043299699,48.29149774,45.87275566,153.8072554,42.78589862,,8723,119.2797759,,2.787829162
192,OEM_12,Model_6,OVC-HEV,gasoline,28669,hatchback,manual,78.2985,3,1580,1,1526,1.8,1.442,225/45r17,6,22.83333333,360,44.742,170,,6000,FALSE,TRUE,FALSE,TRUE,1831.929274,164.4367195,0.619768603,0.030352499,1872.60207,168.0875707,0.613563428,0.03102084,33.0512418,47.62141511,114.8116104,28.37009721,,9138,110.9691658,,3.911483453
193,OEM_17,Model_2,OVC-HEV,gasoline,26488,suv/crossover,automatic,225.947,4,1969,1,2061,1.902,1.658,235/60r18,6,32.22222222,360,61.053,131.9795642,,6000,FALSE,TRUE,FALSE,TRUE,2497.183317,173.9313152,0.502132008,0.043022785,2540.618719,176.9566344,0.493336558,0.043970116,56.35076598,50.80585771,161.3377327,34.34311667,,8723,148.1203558,,4.312956137
194,OEM_4,Model_7,OVC-HEV,gasoline,25857,suv/crossover,manual,68.6044,4,1598,1,1564,1.778,1.566,205/55r17,5,30.8,360,49.9619,205,,5000,FALSE,TRUE,FALSE,TRUE,1877.736184,130.786203,0.548892984,0.0379863,1918.605202,133.6327709,0.541127178,0.038822731,33.13064161,50.67333204,138.4274443,28.87229873,,8723,112.452387,,3.894819323
195,OEM_7,Model_5,OVC-HEV,gasoline,25162,suv/crossover,automatic,93.2125,3,1499,1,1720,1.821,1.582,225/55r17,6,33.89830508,295,68.7875,149.8056939,,5000,FALSE,TRUE,FALSE,TRUE,2068.1008,144.0452888,0.536673023,0.039302475,2109.775363,146.9479638,0.528638142,0.040167888,41.30768619,50.99038232,151.6499086,30.12746332,,8723,120.6499771,,4.004651033
196,OEM_7,Model_9,OVC-HEV,gasoline,24626,sedan,automatic,137.209,4,1998,1,1795,1.827,1.444,225/50r17,8,28.88888889,360,77.791,170.556558,,5000,FALSE,TRUE,FALSE,TRUE,2160.947613,173.3880025,0.643787791,0.027765464,2203.009457,176.7629197,0.638111502,0.02837684,35.10330545,56.97055957,171.4162674,30.42320499,,16488,120.4732446,,3.959912989
197,OEM_6,Model_10,OVC-HEV,gasoline,23310,hatchback,automatic,119.312,4,1332,1,1480,1.796,1.44,225/45r18,5,43.33333333,360,40.688,85.04322308,,5500,FALSE,TRUE,FALSE,TRUE,1776.7744,159.4859353,0.620784825,0.030243045,1817.209663,163.1154652,0.614602027,0.030908975,24.33057319,70.0034752,205.8254322,22.26138802,,9138,109.5050825,,4.919059064
198,OEM_6,Model_4,OVC-HEV,diesel,22109,suv/crossover,automatic,144.666,4,1991,1,1930,1.89,1.644,235/60r18,6,37.5,360,80.334,176.4175507,,3000,FALSE,TRUE,FALSE,TRUE,2330.24065,162.3035915,0.50800373,0.042390359,2372.999601,165.2817952,0.499337571,0.043323765,51.01338026,43.18359764,266.9517197,45.78110146,,8723,122.5965442,,2.677885422
199,OEM_25,Model_1,OVC-HEV,gasoline,21994,hatchback,automatic,111.855,4,1395,1,1571,1.799,1.467,235/35r19,5,35.55555556,360,68.145,148.3248886,,5000,FALSE,TRUE,FALSE,TRUE,1886.198397,145.6576807,0.615042193,0.030861566,1927.103561,148.8164955,0.608732947,0.031541116,28.8601955,66.04442011,151.5840087,27.7424023,,9138,107.0957167,,3.86036204
200,OEM_3,Model_2,OVC-HEV,gasoline,20932,suv/crossover,CVT,137.9545,4,2487,0,2000,1.855,1.685,225/65r17,6,38,360,175.9852,391,,6000,FALSE,TRUE,FALSE,TRUE,2419.12,168.4941271,0.505658511,0.042642955,2462.240413,171.497507,0.496940713,0.043581923,22,75,166,27.03884954,,8723,149.8602278,,5.542403997
201,OEM_1,Model_9,OVC-HEV,gasoline,20787,hatchback,automatic,111.855,4,1395,1,1590,1.789,1.482,205/55r16,5,36.11111111,360,38.145,79.18223042,,5500,FALSE,TRUE,FALSE,TRUE,1909.20505,137.9413058,0.613721431,0.031003822,1950.208326,140.9038192,0.607383102,0.031686504,25.68996536,69.95219555,143.8498695,22.09922721,,9138,103.741789,,4.694362751
202,OEM_6,Model_3,OVC-HEV,diesel,18585,suv/crossover,automatic,144.666,4,1950,1,2555,1.947,1.772,235/60r18,6,86.66666667,360,90.334,199.4651034,,4000,FALSE,TRUE,FALSE,TRUE,3150.342213,219.4244854,0.464566972,0.047068802,3196.328507,222.6274768,0.454944366,0.048105224,23.25264317,89.64762367,332.9816761,27.61228369,,8723,136.9124467,,4.958389107
203,OEM_1,Model_7,OVC-HEV,gasoline,18211,sedan,automatic,116.329,4,1395,1,1729,1.832,1.483,215/55r17,5,36.11111111,360,43.671,91.91830806,,5500,FALSE,TRUE,FALSE,TRUE,2079.196977,164.8071325,0.636100853,0.028593401,2120.918014,168.1141422,0.630255303,0.029223008,28.3612882,64.97499428,154.958524,28.32275666,,16488,110.3282724,,3.895393153
204,OEM_7,Model_3,OVC-HEV,gasoline,17862,suv/crossover,automatic,137.209,4,1998,1,1965,1.891,1.676,225/60r18,6,31.11111111,360,77.791,170.556558,,5000,FALSE,TRUE,FALSE,TRUE,2374.586613,165.3923321,0.500130687,0.043238341,2417.526295,168.3831239,0.49129117,0.044190419,47.1205912,48.80427724,190.2665435,33.31886218,,8723,137.7339576,,4.13381336
205,OEM_21,Model_2,OVC-HEV,gasoline,17179,suv/crossover,automatic,134.226,4,1332,0,1835,1.819,1.645,235/45r19,5,31.66666667,360,41.774,87.54618731,,5750,FALSE,TRUE,FALSE,TRUE,2210.817813,153.9856715,0.522558268,0.040822733,2253.086207,156.9297074,0.51421259,0.041721621,45.94673419,46.52706951,165.5473862,30.48140182,,8723,121.3594436,,3.98142593
206,OEM_10,Model_1,OVC-HEV,gasoline,17142,suv/crossover,automatic,134.226,4,1598,1,1924,1.85,1.65,225/60r17,7,22.83333333,360,67.8587,304,,5500,FALSE,TRUE,FALSE,TRUE,2322.657304,161.7754039,0.514927285,0.041644644,2365.385272,164.7514496,0.506413577,0.042561629,31,62,177,32.09126885,,8723,127.3666762,,3.968888758
207,OEM_14,Model_2,OVC-HEV,gasoline,17124,suv/crossover,automatic,111.855,4,1395,1,1740,1.849,1.585,255/40r20,7,40.83333333,360,86.5012,330,,5000,FALSE,TRUE,FALSE,TRUE,2092.7758,145.7639272,0.530359618,0.039982473,2134.553638,148.6737955,0.52218572,0.040862859,41.66518614,52.81230524,166.8076822,30.48366078,,8723,118.5091191,,3.887627537
208,OEM_5,Model_2,OVC-HEV,gasoline,16908,hatchback,automatic,111.855,4,1395,1,1508,1.829,1.486,205/55r17,5,36.11111111,360,38.145,79.18223042,,5500,FALSE,TRUE,FALSE,TRUE,1810.308376,130.7959569,0.606491055,0.031782584,1850.888224,133.7278773,0.599993518,0.032482414,24.82558552,69.33205855,144.7623949,27.28785388,,9138,103.9385225,,3.808966543
209,OEM_14,Model_1,OVC-HEV,gasoline,15452,suv/crossover,automatic,187.916,4,1984,1,1905,1.893,1.661,235/65r17,7,39.16666667,360,32.084,65.2131087,,5000,FALSE,TRUE,FALSE,TRUE,2298.679713,160.1053407,0.50330278,0.042896684,2341.30957,163.0745528,0.49453311,0.043841239,42.36739581,60.41380965,206.9482759,33.37620312,,8723,138.3303816,,4.144581129
210,OEM_6,Model_4,OVC-HEV,gasoline,15115,suv/crossover,automatic,157.343,4,1991,1,1930,1.89,1.644,235/55r19,6,37.5,360,77.657,170.2477208,,5500,FALSE,TRUE,FALSE,TRUE,2330.24065,162.3035915,0.50800373,0.042390359,2372.999601,165.2817952,0.499337571,0.043323765,51.01338026,45.38650673,266.9517197,47.14431556,,8723,134.6184354,,2.855454232
211,OEM_7,Model_8,OVC-HEV,gasoline,14086,sedan,automatic,137.209,4,1998,1,1835,1.868,1.483,225/55r17,8,26.21082621,351,47.791,101.4138998,,5000,FALSE,TRUE,FALSE,TRUE,2210.817813,175.2400317,0.630884117,0.02915528,2253.086207,178.5904276,0.624923698,0.029797259,39.68316058,53.89932552,179.2613419,30.80025527,,16488,121.7804832,,3.953879022
212,OEM_17,Model_4,OVC-HEV,gasoline,14076,stationwagon,automatic,188.662,4,1969,1,1961,1.85,1.433,235/45r18,6,32.22222222,360,61.338,132.6364195,,5500,FALSE,TRUE,FALSE,TRUE,2369.509017,166.2009167,0.604154142,0.032034286,2412.428044,169.2113216,0.597605148,0.032739658,41.98891573,54.31041384,160.3868842,31.54227167,,16488,127.1270419,,4.030370521
213,OEM_9,Model_1,OVC-HEV,gasoline,13210,suv/crossover,automatic,134.972,4,1598,1,1755,1.86,1.689,205/55r19,6,66,200,30.028,60.47453186,,5500,FALSE,TRUE,FALSE,TRUE,2111.322213,147.0557034,0.503648958,0.042859398,2153.177507,149.9709665,0.49488691,0.043803132,31.87894617,61.0990991,156.4282686,31.48819214,,8723,124.8042294,,3.963524767
214,OEM_17,Model_1,OVC-HEV,gasoline,12898,suv/crossover,automatic,225.947,4,1969,1,2194,1.958,1.776,275/45r20,8,29,400,61.053,131.9795642,,6000,FALSE,TRUE,FALSE,TRUE,2669.360794,185.9236487,0.461105955,0.047441578,2713.482975,188.9968027,0.451407139,0.048486208,64.67844714,48.51062289,165.3422651,35.8478217,,8723,157.1303367,,4.383260384
215,OEM_1,Model_3,OVC-HEV,gasoline,11669,suv/crossover,automatic,182.6965,4,1395,1,1811,1.839,1.643,235/50r19,6,42.5,360,85.7555,400,,4400,FALSE,TRUE,FALSE,TRUE,2180.866317,151.8995198,0.518856839,0.041221403,2223.010781,154.8349239,0.510429658,0.042129069,41.02334564,52.01736305,165.7536522,31.03873574,,8723,122.3958887,,3.943327128
216,OEM_6,Model_6,OVC-HEV,gasoline,11346,hatchback,automatic,119.312,4,1332,1,1675,1.834,1.611,235/50r19,5,43.33333333,360,110.688,246.3760923,,5500,FALSE,TRUE,FALSE,TRUE,2012.805813,155.4346706,0.580794536,0.034550279,2054.248007,158.6349564,0.57373118,0.035311052,32.54325015,60.79784509,220.7076746,29.12135604,,9138,112.9426412,,3.878344163
217,OEM_21,Model_1,OVC-HEV,gasoline,10659,suv/crossover,automatic,96.941,4,1332,1,1745,1.805,1.692,235/55r17,5,31.66666667,360,57.059,122.7743717,,5500,FALSE,TRUE,FALSE,TRUE,2098.954113,146.1942529,0.514729686,0.041665926,2140.75777,149.1059194,0.506211628,0.042583381,47.6017832,45.88700141,164.5340216,43.08075152,,8723,119.5580085,,2.775207123
218,OEM_23,Model_2,OVC-HEV,gasoline,10607,suv/crossover,CVT,100.669,4,2360,0,1855,1.8,1.703,225/55r18,6,46,300,75.331,164.88686,,5500,FALSE,TRUE,FALSE,TRUE,2235.844713,155.7288201,0.513293295,0.041820636,2278.216382,158.6800492,0.504743609,0.042741497,46,45.01020697,169,47.94580174,,8723,143.8373415,,2.999998671
219,OEM_12,Model_5,OVC-HEV,gasoline,10335,suv/crossover,automatic,78.2985,4,1580,0,1494,1.805,1.545,205/60r16,6,4.333333333,360,25.7015,50.50300816,,5700,FALSE,TRUE,FALSE,TRUE,1793.526394,124.9209069,0.548338567,0.038046014,1834.03395,127.7422986,0.540560553,0.038883761,31.107015,50.35423745,115.8557842,28.82393874,,8723,125.335142,,4.348300318
220,OEM_6,Model_8,OVC-HEV,diesel,10333,sedan,automatic,144.666,4,1950,1,1960,1.852,1.468,205/65r16,9,37.5,360,80.334,176.4175507,,3800,FALSE,TRUE,FALSE,TRUE,2368.24,194.5716381,0.635917151,0.028613187,2411.153863,198.0973875,0.630067557,0.029243229,36.62225946,51.4095616,227.9851267,30.93421526,,16488,118.3719579,,3.826570575
221,OEM_1,Model_1,OVC-HEV,gasoline,10298,hatchback,manual,50.7076,3,999,0,970,1.641,1.504,165/70r14,5,42.5,360,-0.7076,-10.36350435,,6200,FALSE,TRUE,FALSE,TRUE,1186.96705,91.66101928,0.633615278,0.028861115,1224.768801,94.58017951,0.627714998,0.029496616,29.58046033,62.36560391,158.0241088,24.4427172,,9138,86.94697644,,3.557173113
222,OEM_11,Model_3,OVC-HEV,gasoline,9932,suv/crossover,automatic,134.226,4,1598,1,1700,1.856,1.609,225/55r18,6,55,240,30.774,62.19387929,,6000,FALSE,TRUE,FALSE,TRUE,2043.487,142.330913,0.523312057,0.040741545,2085.058288,145.2263948,0.514982976,0.041638645,31.05688683,61.88119211,155.4337495,30.7261516,,8723,119.2355852,,3.880589628
223,OEM_14,Model_5,OVC-HEV,gasoline,9587,sedan,automatic,187.916,4,1984,1,1985,1.886,1.457,225/55r18,7,37.00787402,381,32.084,65.2131087,,5000,FALSE,TRUE,FALSE,TRUE,2400.011313,190.2364167,0.633067235,0.028920143,2443.05427,193.6482081,0.627154887,0.029556944,34.19192657,72.0979655,188.5563163,24.94273107,,16488,125.0462969,,5.013336213
224,OEM_4,Model_4,OVC-HEV,gasoline,9424,hatchback,manual,68.6044,4,1598,1,1528,1.874,1.445,245/35r19,6,30.8,360,49.9619,205,,6000,FALSE,TRUE,FALSE,TRUE,1834.334656,141.6526131,0.607572853,0.031666067,1875.017779,144.7942812,0.601099137,0.032363331,29.74480051,51.21774194,148.4943761,27.96323335,,9138,110.4225087,,3.948846233
225,OEM_20,Model_2,EV,,99357,sedan,automatic,,,,,1831,1.849,1.443,235/35r20,1,234.2857143,350,377,660,100,,FALSE,FALSE,TRUE,TRUE,2205.819777,176.9884113,0.640864296,0.028080345,2248.067516,180.3782442,0.635123634,0.028698655,0,530.6446243,147.2133159,0,181.4038515,16488,0,230.6082508,1.271242308
226,OEM_4,Model_1,EV,,66910,hatchback,automatic,,,,,1475,1.73,1.562,205/45r17,1,117.1428571,350,80,225,100,,FALSE,FALSE,TRUE,TRUE,1770.798813,158.9495576,0.608188449,0.031599763,1811.208257,162.57677,0.601728288,0.032295567,0,377.3873619,180.847945,0,173.2552417,9138,0,218.6370898,1.261936364
227,OEM_6,Model_8,EV,,50916,sedan,automatic,,,,,1825,1.852,1.468,245/45r18,1,33.75,400,210,700,100,,FALSE,FALSE,TRUE,TRUE,2198.327313,181.0431359,0.635917151,0.028613187,2240.54407,184.5198948,0.630067557,0.029243229,0,221.3133103,175.1180561,0,182.3827177,16488,0,227.8726563,1.249420226
228,OEM_8,Model_4,EV,,40231,hatchback,automatic,,,,,955,1.627,1.488,195/45r16,1,87.15231788,377.5,63,145,100,,FALSE,FALSE,TRUE,TRUE,1170.222213,105.0409011,0.638727657,0.028310476,1207.946507,108.4270904,0.632939947,0.028933853,0,303.0730913,142.2212528,0,138.5652926,9138,0,185.3661743,1.337753277
229,OEM_1,Model_1,EV,,39116,hatchback,automatic,,,,,970,1.641,1.504,165/70r14,1,118.7096774,310,50,90,100,,FALSE,FALSE,TRUE,TRUE,1186.96705,91.66101928,0.633615278,0.028861115,1224.768801,94.58017951,0.627714998,0.029496616,0,256.3415138,129.6522123,0,135.8820193,9138,0,179.8880732,1.323854872
230,OEM_2,Model_6,EV,,38878,hatchback,automatic,,,,,955,1.745,1.43,195/55r16,1,130.7359307,385,55,118,100,,FALSE,FALSE,TRUE,TRUE,1170.222213,84.5493155,0.630652818,0.029180193,1207.946507,87.2749203,0.624687306,0.02982272,0,338.4011215,164.0116779,0,134.23914,9138,0,179.8997079,1.340143478
231,OEM_12,Model_5,EV,,34747,suv/crossover,automatic,,,,,1400,1.805,1.545,225/45r18,1,189.9441341,358,104,265,100,,FALSE,FALSE,TRUE,TRUE,1681.624,117.1267932,0.548338567,0.038046014,1721.646163,119.9143769,0.540560553,0.038883761,0,449.295204,158.7846083,0,172.0030966,8723,0,212.9326699,1.237958352
232,OEM_10,Model_2,EV,,34614,hatchback,automatic,,,,,1287,1.8,1.55,235/45r18,1,166.3035585,344.25,130,265,100,,FALSE,FALSE,TRUE,TRUE,1548.892449,139.0309095,0.598662454,0.032625779,1588.331108,142.5709828,0.591992537,0.033344176,0,426.0452234,146.1085191,0,165.6396587,9138,0,213.6432438,1.289807317
233,OEM_14,Model_4,EV,,29614,suv/crossover,automatic,,,,,2465,1.935,1.616,255/50r20,1,239.8989899,396,300,664,100,,FALSE,FALSE,TRUE,TRUE,3028.564113,210.942519,0.505495746,0.042660486,3074.08567,214.113141,0.496774363,0.04359984,0,423.5246945,205.642108,0,236.722386,8723,0,284.8155403,1.20316268
234,OEM_18,Model_3,EV,,25711,hatchback,automatic,,,,,1631,1.788,1.54,215/50r17,1,172.2222222,360,160,340,100,,FALSE,FALSE,TRUE,TRUE,1959.039177,151.2826558,0.602623114,0.032199188,2000.254166,154.4653962,0.596040408,0.032908192,0,317.1511673,177.9918304,0,176.2567257,9138,0,220.1045084,1.248772252
235,OEM_4,Model_2,EV,,25224,hatchback,automatic,,,,,884,1.646,1.541,165/65r15,1,57.5,400,48,95,100,,FALSE,FALSE,TRUE,TRUE,1091.430424,84.28340545,0.626186652,0.02966123,1128.788092,87.16827235,0.620122799,0.03031435,0,187.1621075,161.2837774,0,133.0498057,9138,0,177.222614,1.332002051
236,OEM_20,Model_1,EV,,25019,sedan,automatic,,,,,1950,1.921,1.624,235/30r21,1,214.2857143,350,340,639,100,,FALSE,FALSE,TRUE,TRUE,2355.55825,189.0029806,0.596737104,0.032833153,2398.420476,192.442118,0.590024792,0.033556116,0,506.989167,169.0183647,0,197.320768,16488,0,243.9359323,1.236240537
237,OEM_10,Model_3,EV,,24063,hatchback,automatic,,,,,1495,1.82,1.45,205/55r16,1,24.72222222,360,104,265,100,,FALSE,FALSE,TRUE,TRUE,1794.724113,129.6699837,0.615056633,0.030860011,1835.236832,132.597054,0.608747704,0.031539527,0,418.0764019,167.6225011,0,162.8570647,9138,0,205.8511374,1.263998819
238,OEM_2,Model_7,EV,,21890,suv/crossover,automatic,,,,,1136,1.739,1.556,205/50r17,1,133.8481338,388.5,81,205,100,,FALSE,FALSE,TRUE,TRUE,1374.575104,95.74053057,0.558831692,0.036915831,1413.234037,98.43316393,0.55128473,0.037728692,0,320.6826115,175.71672,0,156.997463,8723,0,207.3129665,1.320486093
239,OEM_7,Model_7,EV,,20538,hatchback,automatic,,,,,1265,1.791,1.59,175/55r20,1,119.8863636,352,135,270,100,,FALSE,FALSE,TRUE,TRUE,1523.278113,110.0578338,0.592399009,0.033300396,1562.60317,112.8990947,0.585591175,0.034033647,0,291.5354465,159.8117149,0,156.7498356,9138,0,202.6837153,1.293039412
240,OEM_11,Model_5,EV,,20295,hatchback,automatic,,,,,1063,1.736,1.481,195/55r16,1,130.7359307,385,66,130,100,,FALSE,FALSE,TRUE,TRUE,1291.553409,93.31557327,0.622437705,0.030065018,1329.835388,96.08147118,0.616291303,0.030727029,0,336.3663791,164.9266982,0,141.0559778,9138,0,190.8772263,1.353201965
241,OEM_26,Model_1,EV,,13961,hatchback,automatic,,,,,2098,1.891,1.477,255/45r19,1,195,400,300,660,100,,FALSE,FALSE,TRUE,TRUE,2544.810586,228.4260154,0.598335982,0.032660942,2588.437047,232.341992,0.591658876,0.033380113,0,466.5600793,190.3317509,0,212.9898933,9138,0,254.6903068,1.195785879
242,OEM_7,Model_6,EV,,12793,suv/crossover,automatic,,,,,2160,1.891,1.668,245/45r20,1,200,400,210,400,100,,FALSE,FALSE,TRUE,TRUE,2625.088,182.8400043,0.502046888,0.043031952,2669.034613,185.9009298,0.493249564,0.043979486,0,452.2205894,189.0077386,0,220.4496588,8723,0,265.8059655,1.205744509
243,OEM_17,Model_3,EV,,12508,suv/crossover,automatic,,,,,1584,1.873,1.658,235/55r18,1,201.7316017,385,193,425,100,,FALSE,FALSE,TRUE,TRUE,1901.933824,132.4715928,0.508222355,0.042366811,1942.906117,135.325354,0.49956101,0.043299699,0,412.8089779,235.3185385,0,189.7597925,8723,0,237.2036082,1.250020382
244,OEM_24,Model_1,EV,,12379,hatchback,automatic,,,,,2280,1.966,1.381,245/45r20,1,116.75,800,500,850,100,,FALSE,FALSE,TRUE,TRUE,2782.1344,249.7285569,0.606800264,0.03174928,2826.700663,253.7288916,0.600309536,0.032448377,0,429.3331359,259.616278,0,222.9699201,9138,0,269.5974511,1.209120275
245,OEM_11,Model_1,EV,,12353,suv/crossover,automatic,,,,,1195,1.79,1.523,215/55r18,1,125,400,96,230,100,,FALSE,FALSE,TRUE,TRUE,1442.270613,100.4555904,0.556262149,0.037192589,1481.234207,103.1694438,0.548658607,0.038011544,0,325.4537856,170.1906732,0,160.320783,8723,0,202.8179167,1.265075638
246,OEM_6,Model_7,EV,,10971,suv/crossover,automatic,,,,,2395,1.884,1.624,235/50r20,1,228.5714286,350,300,760,100,,FALSE,FALSE,TRUE,TRUE,2934.704613,204.405111,0.51402593,0.041741726,2979.864707,207.5505567,0.505492376,0.042660849,0,396.0537781,233.2133807,0,230.4402454,8723,0,283.261907,1.229220645
247,OEM_9,Model_2,EV,,9463,hatchback,automatic,,,,,1289,1.8,1.525,195/60r18,1,133.8481338,388.5,96,300,100,,FALSE,FALSE,TRUE,TRUE,1551.224697,111.3161169,0.603548137,0.032099557,1590.673684,114.1469821,0.596985799,0.032806367,0,350.2959518,159.732826,0,155.66429,9138,0,201.3849964,1.293713519
248,OEM_22,Model_1,EV,,9232,suv/crossover,automatic,,,,,1620,1.795,1.57,215/55r18,1,88.75,400,107,265,100,,FALSE,FALSE,TRUE,TRUE,1945.6438,135.5160363,0.544611425,0.038447454,1986.801988,138.3827453,0.536751342,0.03929404,0,200,190,0,182.5157368,8723,0,226.5056838,1.241020022
